id,href,status,x,ln,fb,ig,th,wp
1,https://www.freejobalert.com/articles/gauhati-high-court-library-assistant-and-other-post-admit-card-2026-3036929,PUBLISHED,"Gauhati HC Junior Grade Translator & Library Assistant Admit Card OUT! 📝 Download now at ghconline.gov.in. Exam on Feb 14, 2026. #GauhatiHighCourt #AdmitCard #Recruitment","📢 Gauhati High Court has released the Admit Card for Junior Grade Translator & Library Assistant positions.

Key Details:
* **Release Date:** February 9, 2026
* **Exam Date:** February 14, 2026
* **Website:** ghconline.gov.in
* **Positions:** Junior Grade Translator & Library Assistant

Download your hall ticket today! #GauhatiHighCourt #Recruitment #GovernmentJobs #AdmitCard","📢 Big news for candidates who applied for the Gauhati High Court Junior Grade Translator and Library Assistant positions! Your Admit Cards are now available for download at ghconline.gov.in. 🗓️ The written examination is scheduled for February 14, 2026, across Assam. Don't forget, this hall ticket is *mandatory* for appearing in the exam. 

➡️ Download links & detailed instructions here: [Link to article/website]

Make sure to check all details on your admit card and report any discrepancies immediately! Good luck! 👍 #GauhatiHighCourt #AdmitCard #Recruitment #GovernmentJobs #Assam #Career","✨ Hall Tickets are LIVE! ✨ The Gauhati High Court has released the Admit Cards for Junior Grade Translator & Library Assistant recruitment 2026! 📝 Prepare to ace your exam on February 14th, 2026. 📍 Exam centers across Assam. 💻 Download your admit card now from ghconline.gov.in (link in bio!). Don't forget to double-check all details! 🍀 Wishing all candidates the very best! #GauhatiHighCourt #AdmitCard #Recruitment2026 #GovernmentJobs #Assam #CareerGoals #ExamPrep #HallTicket #JobAlert #StudyMotivation #Success #GovernmentRecruitment #Translator #LibraryAssistant #ghconline",Hey! Gauhati High Court admit cards are out for Junior Grade Translator & Library Assistant roles! 🗓️ Exam's on Feb 14th. Grab yours at ghconline.gov.in! Let me know if you're prepping for it! 🤓 #GauhatiHighCourt #AdmitCard #Recruitment,"Gauhati HC Admit Card is OUT! ➡️ Download now: ghconline.gov.in. Exam on Feb 14, 2026. Don't miss it!"
2,https://www.freejobalert.com/articles/ctet-answer-key-2026-3036853,GENERATED,CTET Answer Key 2026 expected soon! 🔑 Check & download from ctet.nic.in. Got discrepancies? Objection window will open shortly. #CTET2026 #AnswerKey #CBSE,"📢 CTET Answer Key 2026 is anticipated to be released by CBSE between Feb 24-26, 2026.

Key details:
• Exam Date: Feb 7 & 8, 2026
• Official Website: ctet.nic.in
• Objection Period: Few days after release
• Opportunity to challenge answers if discrepancies are found.

#CTET #CBSE #TeacherEligibility #AnswerKey #Education","📢 Good news for CTET candidates! The Central Board of Secondary Education (CBSE) is expected to release the CTET Answer Key 2026 soon! 🥳 You'll be able to download it from ctet.nic.in. 

Keep an eye out for the release between Feb 24-26, 2026, and remember to review your answers carefully. If you find any discrepancies, you'll have a chance to raise objections. Don't miss the deadline! 

➡️ Check out other trending govt jobs: [Link to job list]
➡️ Practice with our free mock tests: [Link to mock tests]

#CTET2026 #AnswerKey #CBSE #TeachingJobs #Education #GovtJobs #TeacherRecruitment","✨ The wait is almost over! ✨ The CTET Answer Key 2026 is expected to be released by CBSE between Feb 24-26, 2026! 📝 Prepare to check your responses and challenge any discrepancies. 🔍 Head to ctet.nic.in to download the key. 💻 Don't forget to utilize the objection window if needed! ⏳

#CTET2026 #CBSE #AnswerKey #TeacherEligibilityTest #Teaching #Education #Career #GovtJobs #India #ExamResults #StayTuned #Preparation #StudyGram #InstaEducation #FutureTeachers 📚",CTET Answer Key 2026 is almost here! 🎉 CBSE is expected to release it around Feb 24-26. Anyone else prepping to check their answers? 👀 ctet.nic.in #CTET2026 #AnswerKey #CBSE,CTET Answer Key 2026 coming soon! Download from ctet.nic.in. Check & raise objections if needed. Stay updated!
3,https://www.freejobalert.com/articles/upsc-cse-syllabus-2026-3035817,GENERATED,"UPSC CSE 2026 Syllabus is OUT! 📚 Download the PDF for Prelims, Mains & Interview. No major changes this year. Start your prep now! ➡️ [Link] #UPSC #IAS #CivilServices #ExamPrep","📢 The Union Public Service Commission (UPSC) has released the detailed syllabus for the Civil Services Examination (CSE) 2026.

Key details:
*   Covers Prelims, Mains & Interview
*   No major syllabus changes from previous years
*   Includes exam pattern & marking scheme
*   Download the official syllabus PDF: [Link]

#UPSC #IAS #CivilServices #GovernmentJobs #ExamPreparation","📢 Big news for UPSC CSE 2026 aspirants! The official syllabus for Prelims, Mains, and the Interview is now available. 📚 This comprehensive guide covers everything you need to know, from exam patterns and marking schemes to subject-wise topics and recommended books. Don't miss out – download the syllabus PDF today and kickstart your preparation! 🚀 [Link] 

Plus, check out trending govt jobs & free online mock tests to boost your score! 📈

#UPSC #IAS #CivilServicesExam #UPSC2026 #ExamPreparation #GovernmentJobs #StudyMaterial #MockTests","✨ The wait is over! The UPSC CSE 2026 syllabus is officially released! 📝 This detailed PDF is your roadmap to success, covering everything from Prelims to the final Interview. 🗺️ Dive into subject-wise topics, understand the exam pattern, and start crafting your winning strategy. 🏆 Don't forget to bookmark this post and share it with your fellow aspirants! 🤝

➡️ Download the syllabus: [Link]

#UPSC #IAS #CivilServices #ExamPrep #Studygram #Motivation #GovernmentJob #DreamJob #Success #Preparation #Syllabus #UPSC2026 #CivilServiceExam #IndianAdministrativeService #StudyMotivation #GoalGetter #ExamWarrior #GovernmentExams #CareerGoals #FutureIAS #StudyHard",UPSC 2026 syllabus is here! 🚀 Download the PDF & start prepping: [Link] Let's ace this exam together! 💪,UPSC CSE 2026 Syllabus is out! 📚 Download now: [Link] Start preparing for your dream job!
4,https://www.freejobalert.com/articles/jkpsc-assistant-professor-syllabus-2026-3036680,GENERATED,"JKPSC Assistant Professor Syllabus 2026 is OUT! 🩺 Download the PDF for Neurosurgery, Oncology & Urology. Prep starts now! ➡️ jkpsc.nic.in #JKPSC #AssistantProfessor #Syllabus #MedicalJobs","📢 The Jammu and Kashmir Public Service Commission (JKPSC) has released the syllabus for Assistant Professor positions in Neurosurgery, Medical Oncology, and Urology.

Key details:
* **Exam Mode:** Offline/Online (Written)
* **Exam Type:** Objective/Descriptive
* **Selection Process:** Written Exam + Interview
* **Official Website:** jkpsc.nic.in

Download the syllabus PDF here: [Link to Neurosurgery PDF] [Link to Oncology PDF] [Link to Urology PDF]

#JKPSC #AssistantProfessor #MedicalRecruitment #JammuKashmir #GovernmentJobs","📢 Attention aspiring Assistant Professors! 📢 The JKPSC syllabus for 2026 is now available for Neurosurgery, Medical Oncology, and Urology positions at SKIMS Soura Srinagar! 📚 This is your chance to kickstart your preparation for a rewarding career in healthcare. 

➡️ Download the syllabus PDF here: [Link to Neurosurgery PDF] [Link to Oncology PDF] [Link to Urology PDF]

We've also compiled essential details about the exam pattern, important topics, and recommended books to help you succeed. Don't miss out – start preparing today! 💪

#JKPSC #AssistantProfessor #MedicalJobs #Syllabus #GovernmentJobs #Healthcare #Neurosurgery #Oncology #Urology #CareerOpportunity","✨ Exciting news for medical professionals! ✨ The JKPSC Assistant Professor Syllabus 2026 is officially released for Neurosurgery, Medical Oncology, and Urology! 🧠🩺🔬

This is your sign to start preparing for a fulfilling career at SKIMS Soura Srinagar. 🏥 Download the detailed syllabus PDF (link in bio!) and dive into the world of super-specialty medicine. 📚

Let's ace this exam together! 🚀

#JKPSC #AssistantProfessor #MedicalJobs #Syllabus2026 #Neurosurgery #MedicalOncology #Urology #SKIMSSouraSrinagar #Healthcare #MedicalCareer #GovernmentJobs #ExamPreparation #StudyGram #MedicalSchool #FutureDoctor #DreamJob #Motivation #Success #JammuKashmir","JKPSC Asst Prof Syllabus 2026 is LIVE! 🩺 Neurosurgery, Oncology, Urology. Download & start prepping! ➡️ jkpsc.nic.in #JKPSC #MedicalJobs",JKPSC Assistant Professor Syllabus 2026 is out! Download now: [Link to Neurosurgery PDF] [Link to Oncology PDF] [Link to Urology PDF] Start your preparation today!
5,https://www.freejobalert.com/articles/gsssb-clerk-syllabus-2026-3036488,GENERATED,"GSSSB Clerk Syllabus 2026 is OUT! 📚 Download the PDF & start prepping! Exam details, pattern & more inside. ➡️ gsssb.gujarat.gov.in #GSSSBClerk #GujaratJobs #Syllabus","📢 The Gujarat Subordinate Service Selection Board (GSSSB) has released the syllabus for the Clerk Exam 2026.

Key details:
* **Exam Name:** GSSSB Clerk Exam 2026
* **Vacancies:** 5370
* **Exam Mode:** Online (MCQ)
* **Duration:** 1 Hour
* **Negative Marking:** 0.25 marks

Download the syllabus PDF & preparation tips here: [link to article] #GSSSBClerk #GovernmentJobs #Gujarat #Recruitment #ExamPreparation","📢 Big news for aspiring clerks in Gujarat! The GSSSB Clerk Syllabus 2026 is officially out! 🤩 This comprehensive guide covers everything you need to know – from the exam pattern and marking scheme to subject-wise topics and essential preparation tips. 💪 Don't miss out! Download the syllabus PDF and start your journey to success today! ➡️ [link to article] 

Plus, check out trending govt jobs & FREE online mock tests to boost your prep! 🚀 #GSSSBClerk #GujaratJobs #GovernmentJobs #ExamPreparation #Syllabus #Recruitment #Career","📚✨ Ace your GSSSB Clerk Exam 2026! ✨📚 The official syllabus is NOW AVAILABLE! 🤩 This detailed guide breaks down the exam pattern, key topics (Reasoning, Quant, English, Gujarati!), and provides valuable preparation tips. 📝 Swipe up to download the syllabus PDF and unlock your potential! 🚀 Don't forget to bookmark this post for future reference! 📌

#GSSSBClerk #GujaratJobs #GovernmentJobs #ExamPreparation #Syllabus #Recruitment #StudyGram #Motivation #CareerGoals #Success #StudyTips #CompetitiveExams #Gujarat #India #JobAlert #PreparationIsKey #DreamJob #GovernmentJob #ExamSeason #StudyMotivation #InstaStudy",🚨 GSSSB Clerk Syllabus 2026 is LIVE! Get the PDF & start studying! ➡️ [link to article] Let's ace this exam together! 💪,GSSSB Clerk Syllabus 2026 is out! Download now: [link to article] Start preparing for your exam today!
6,https://www.freejobalert.com/articles/cmoh-murshidabad-stls-result-2026-3036987,GENERATED,📢 CMOH Murshidabad STLS Result 2026 is OUT! 🥳 Check your selection status now: murshidabad.gov.in #CMOHMurshidabad #STLSResult #GovtJobs,"📢 CMOH Murshidabad STLS Result 2026 Announced! 📢

• **Post:** Senior Tuberculosis Laboratory Supervisor (STLS)
• **Date:** February 6, 2026
• **Link:** murshidabad.gov.in

Download the selection list PDF and check your status. Important instructions for selected candidates are also available.

#CMOHMurshidabad #STLSResult #GovernmentJobs #Recruitment #India","🎉 Great news for those awaiting the CMOH Murshidabad STLS Result 2026! 🎉 The selection list for Senior Tuberculosis Laboratory Supervisor (STLS) posts is now available on the official website: murshidabad.gov.in. 

Don't miss out – download the PDF, check your status, and follow the important instructions for selected candidates. Wishing everyone the best! 🍀

#CMOHMurshidabad #STLSResult #GovtJobs #Recruitment2026 #JobAlert #Murshidabad","✨ The wait is over! ✨ The CMOH Murshidabad STLS Result 2026 is officially released! 📄 Check your selection status for the Senior Tuberculosis Laboratory Supervisor (STLS) position. Head to murshidabad.gov.in to download the merit list PDF. 🔍 Don't forget to save the PDF and keep your documents ready! 💼

#CMOHMurshidabad #STLSResult #GovtJobs #Recruitment #JobAlert #India #GovernmentJob #SelectionList #MeritList #Career #Opportunity #Murshidabad #Result #JobSearch #NewJob #Success #Congratulations #OfficialNotification 📸[Image: A visually appealing graphic with the CMOH Murshidabad logo and text 'STLS Result 2026 Out Now!']",CMOH Murshidabad STLS Result 2026 is live! Check your status now: murshidabad.gov.in. Let's see who made the cut! 🥳,CMOH Murshidabad STLS Result 2026 is OUT! Check your selection status here: murshidabad.gov.in. Don't delay!
7,https://www.freejobalert.com/articles/tnpsc-group-2-mains-hall-ticket-2026-3036752,GENERATED,TNPSC Group 2 Mains Hall Ticket 2026 is OUT! 🚨 Download now at tnpsc.gov.in. Exam on Feb 8th. Don't forget your admit card! #TNPSC #Group2 #HallTicket #TamilNadu,"📢 TNPSC Group 2 Mains Hall Ticket 2026 is now available for download!

Key Details:
• Release Date: January 30, 2026
• Exam Date: February 8, 2026
• Vacancies: 659
• Website: tnpsc.gov.in

Download your hall ticket today – it's mandatory for the exam! #TNPSC #Group2 #CivilServices #GovernmentJobs #TamilNadu","📢 Good news for TNPSC Group 2 aspirants! Your Hall Ticket for the Mains Exam 2026 is now available for download! 📝

Don't miss out – the exam is scheduled for February 8th, 2026. Make sure to download, print, and carefully check all the details on your admit card. 🔍

➡️ Download here: tnpsc.gov.in

Wishing you all the best for your preparations! 💪
#TNPSC #Group2 #MainsExam #HallTicket #TamilNadu #GovernmentJobs #Career","✨ Hall Ticket Alert! ✨ The TNPSC Group 2 Mains Hall Ticket 2026 is officially OUT! 🤩 Get ready to ace your exam on February 8th, 2026. 🗓️ Don't forget to download your admit card from tnpsc.gov.in and double-check all the details. 🔍 A well-prepared candidate is a confident candidate! 🌟 #TNPSC #Group2 #MainsExam #HallTicket #TamilNadu #GovernmentJobs #CivilServices #ExamPrep #StudyMotivation #Success #AdmitCard #CareerGoals #GovernmentExam #TNPSCExam #DreamJob 📚💼",Hey! 👋 TNPSC Group 2 Mains Hall Ticket is LIVE! Download yours now at tnpsc.gov.in. Exam's on Feb 8th - good luck! 🍀,TNPSC Group 2 Mains Hall Ticket 2026 is out! Download now at tnpsc.gov.in. Exam on Feb 8th. Don't forget to download!
8,https://www.freejobalert.com/articles/upsc-ifs-recruitment-notification-2026-3036540,GENERATED,"UPSC releases notification for 80 Indian Forest Service Officer posts! Apply online by Feb 24, 2026. Don't miss out! 🌳 #UPSC #IFS #Recruitment #GovtJobs","📢 UPSC has announced the recruitment of 80 Indian Forest Service Officers. 

Key details:
• **Vacancies:** 80
• **Eligibility:** Bachelor’s Degree (specified subjects)
• **Age Limit:** 21-32 years (as of 01/08/2026)
• **Application Deadline:** February 24, 2026

Apply online via: [https://www.upsc.gov.in](https://www.upsc.gov.in) #UPSC #IFoS #GovernmentJobs #Recruitment","🌳 Dream of a career in forestry? 🌳 The Union Public Service Commission (UPSC) is hiring 80 Indian Forest Service Officers! This is your chance to contribute to India's natural heritage. 

➡️ **Eligibility:** Bachelor's degree with specific subject requirements.
➡️ **Age:** 21-32 years (as of August 1, 2026).
➡️ **Last Date to Apply:** February 24, 2026

Learn more and apply here: [https://www.upsc.gov.in](https://www.upsc.gov.in) 

Share this with anyone who might be interested! #UPSC #IFoS #IndianForestService #GovernmentJob #Recruitment #Forestry #CareerOpportunity","🌿 Calling all nature enthusiasts! 🌿 The UPSC has announced recruitment for 80 Indian Forest Service Officers. Imagine a career protecting India’s forests and wildlife! 🌳

✨ **Key Details:**
✅ Vacancies: 80
✅ Age Limit: 21-32 years (as of 01/08/2026)
✅ Application Deadline: Feb 24, 2026
✅ Link in bio for more info & to apply! 🔗

#UPSC #IFoS #IndianForestService #ForestOfficer #GovernmentJob #Recruitment #Nature #Wildlife #Conservation #CareerGoals #DreamJob #India #Forestry #ApplyNow #Opportunity #GovernmentJobs #CivilServices #UPSC2026","Hey! UPSC just announced 80 openings for Indian Forest Service Officers. Deadline to apply is Feb 24, 2026. Check it out if you're interested! 🌳 [https://www.upsc.gov.in](https://www.upsc.gov.in) #UPSC #IFoS #GovtJobs","UPSC is hiring Indian Forest Service Officers! 80 vacancies. Apply by Feb 24, 2026: [https://www.upsc.gov.in](https://www.upsc.gov.in)  Apply now!"
9,https://www.freejobalert.com/articles/dmho-kakinada-accountant-and-other-posts-result-2026-3037102,GENERATED,"DMHO Kakinada Result 2026 is OUT! 🎉 Check provisional lists for Accountant, Counsellor & more. Deadline for objections: 12/02/2026. ➡️ kakinada.ap.gov.in #DMHOKakinada #Result2026 #NHM","📢 DMHO Kakinada has released the Provisional Lists for various posts under the National Health Mission (NHM). 

Key details:
• **Posts:** Accountant, Counsellor, LGS, STS, DPC, TBHV, PPM Coordinator & others
• **Date:** 10 February 2026
• **Website:** kakinada.ap.gov.in
• **Objection Deadline:** 12 February 2026

Download your scorecard and verify details. #DMHOKakinada #Recruitment2026 #NHM #GovernmentJobs #Accountant #Counsellor","📢 Great news for those awaiting the DMHO Kakinada Result 2026! The District Medical and Health Officer, Kakinada has released Provisional Lists for Accountant, Counsellor, and other posts under the National Health Mission. 🥳

Don't miss the deadline to check your status and raise any objections – it's February 12th, 2026! ⏰

➡️ Find direct links to the PDFs and more information here: kakinada.ap.gov.in

#DMHOKakinada #Result2026 #NHM #GovernmentJobs #Kakinada #Accountant #Counsellor #JobAlert #Recruitment","✨ The wait is over! ✨ DMHO Kakinada has announced the Provisional Lists for Accountant, Counsellor, LGS, Senior Treatment Supervisor & more under the National Health Mission. 📄 Check your status now at kakinada.ap.gov.in! 🗓️ Don't forget the objection deadline is February 12th, 2026. 🔍 Verify your details carefully! 💼

#DMHOKakinada #Result2026 #NHM #GovernmentJobs #Kakinada #Accountant #Counsellor #LGS #STS #DPC #TBHV #PPMCoordinator #JobOpportunity #Career #Recruitment #India #GovernmentRecruitment #ProvisionalList #CheckNow #JobAlert 📸[Image: A visually appealing graphic with the DMHO Kakinada logo and text 'Result Out!' or a relevant stock image]",DMHO Kakinada result is live! 🥳 Check your status & raise objections by Feb 12th: kakinada.ap.gov.in. Let's go! 🚀,"DMHO Kakinada Result 2026 is OUT! Check your status now: kakinada.ap.gov.in. Deadline for objections: Feb 12, 2026."
10,https://www.freejobalert.com/articles/csir-nal-junior-stenographer-answer-key-2026-3037098,GENERATED,📢 CSIR NAL Junior Stenographer Answer Key OUT! 🔑 Download now at nal.res.in & raise objections till Feb 13 (5 PM). #CSIRNAL #JuniorStenographer #AnswerKey #GovtJobs,"📢 CSIR NAL has released the Provisional Answer Key for the Junior Stenographer exam (held Feb 8, 2026). 

➡️ Key Details:
*   Download Link: nal.res.in
*   Objection Deadline: February 13, 2026 (05:00 PM)
*   Advt. No.: 03/2025

Review the key and submit any objections before the deadline. #CSIRNAL #JuniorStenographer #Recruitment #GovernmentJobs #AnswerKey","📣 Attention Candidates! 📣 The CSIR NAL Junior Stenographer Answer Key 2026 is now available! If you appeared for the exam on February 8th, 2026, you can download the provisional answer key PDF from nal.res.in. Don't forget to check your answers carefully and submit any objections by February 13th, 2026 (05:00 P.M). Share this with your friends who appeared for the exam! 🚀

➡️ Download here: nal.res.in
#CSIRNAL #JuniorStenographer #AnswerKey #GovernmentJobs #Recruitment #CareerOpportunity #GovtJobs2026","✨ The wait is over! ✨ The CSIR NAL Junior Stenographer Answer Key 2026 is officially released! 📝 Check your performance, download the key from nal.res.in, and don't miss the deadline to raise any objections – February 13th, 2026 (05:00 P.M). 💼 Let's ace this! 🚀

📸 [Image: A visually appealing graphic with the CSIR NAL logo, the text 'Answer Key Released', and a call to action to visit the website.]

#CSIRNAL #JuniorStenographer #AnswerKey #GovernmentJobs #Recruitment #Career #JobAlert #GovtJob #India #Opportunity #ExamResults #Success #Motivation #Stenographer #NAL #CSIR #GovernmentRecruitment #JobSearch #CareerGoals #Future",Hey! The CSIR NAL Junior Stenographer Answer Key just dropped! 🔑 Check it out at nal.res.in and let me know if you have any questions. Objections are open until Feb 13th at 5 PM! #CSIRNAL #JuniorStenographer,"📢 CSIR NAL Junior Stenographer Answer Key is OUT! Download from nal.res.in. Objections accepted till Feb 13, 5 PM. Check now!"
11,https://www.freejobalert.com/articles/vidyasagar-university-time-table-2025-announced-details-here-3017229,GENERATED,"📢 Vidyasagar University Time Table 2025 is OUT! 🎓 B.F.Sc & BMLT students, check your schedules now! ➡️ vidyasagar.ac.in #VidyasagarUniversity #TimeTable #ExamSchedule #Education","📢 Vidyasagar University Time Table 2025 Released! 📢

Key details:

* **Courses:** B.F.Sc, BMLT
* **Availability:** Online at vidyasagar.ac.in
* **Access:** Use your registration number to view your schedule.

Stay updated on all Vidyasagar University news by following our page! #VidyasagarUniversity #Education #TimeTable #ExamUpdates #HigherEducation","📣 Good news for Vidyasagar University students! 📣 The Time Table for 2025 is now available for B.F.Sc and BMLT courses. 🗓️ Don't miss out on important exam dates! 

➡️ Access your timetable here: vidyasagar.ac.in

Share this with your friends and classmates! Let's ace those exams together! 💪 #VidyasagarUniversity #TimeTable2025 #ExamSchedule #BFSc #BMLT #Education #StudentLife #UniversityUpdates","✨ Exam season is upon us! ✨ Vidyasagar University has released the Time Table 2025 for B.F.Sc & BMLT courses. 📚 Stay organized, plan your study sessions, and get ready to shine! 🌟

🔗 Find your schedule at vidyasagar.ac.in (link in bio!)

#VidyasagarUniversity #TimeTable #ExamSchedule #BFSc #BMLT #UniversityLife #StudentLife #StudyGram #Education #ExamPrep #HigherEducation #AcademicGoals #Success #Motivation #StudyMotivation #India #University","Vidyasagar University just dropped the 2025 timetable for B.F.Sc & BMLT! 🤯 Time to get planning, folks! 🗓️ Check it out here: vidyasagar.ac.in #VidyasagarUniversity #TimeTable #Exams #StudentLife",📢 Vidyasagar University Time Table 2025 is LIVE! Check your B.F.Sc & BMLT schedule now: vidyasagar.ac.in 🎓
12,https://www.freejobalert.com/articles/bsnl-set-recruitment-2026-apply-online-for-120-senior-executive-trainee-posts-3036058,GENERATED,BSNL is hiring Senior Executive Trainees (SET) 2026! 120 vacancies in Telecom & Finance. BE/BTech or CA/CMA qualified? Apply now! ➡️bsnl.co.in #BSNL #Recruitment #Jobs #SET2026,"📢 BSNL Recruitment 2026: Senior Executive Trainee (SET) Positions Available 📢

Bharat Sanchar Nigam Limited (BSNL) is seeking motivated individuals to join as Senior Executive Trainees.

Key Details:
* **Total Vacancies:** 120 (95 Telecom, 25 Finance)
* **Eligibility:** BE/B.Tech (Telecom) / CA or CMA (Finance)
* **Application Window:** Feb 5 - Mar 7, 2026
* **Selection Process:** CBT & Document Verification
* **Salary:** Rs. 24,900 – 50,500/- (IDA E-3 Pay Scale)

Apply online: bsnl.co.in

#BSNL #Recruitment #JobOpportunity #SeniorExecutiveTrainee #Telecom #Finance #GovernmentJobs","📢 Exciting Opportunity at BSNL! 📢

Bharat Sanchar Nigam Limited (BSNL) has announced the recruitment of 120 Senior Executive Trainees (SET) for 2026! If you have a BE/BTech in Engineering (Telecom streams) or are a qualified CA/CMA (Finance), this is your chance to join a leading telecommunications company.

➡️ **Important Dates:**
   * Application Start: February 5, 2026
   * Application End: March 7, 2026

➡️ **What's on offer?**
   * Competitive Salary: Rs. 24,900 – 50,500/- (IDA E-3 Pay Scale)
   * Opportunity to work in a dynamic environment.

Don't miss out! Apply online now: bsnl.co.in

#BSNL #Recruitment2026 #JobAlert #SeniorExecutiveTrainee #TelecomJobs #FinanceJobs #GovernmentJob #CareerOpportunity","✨ Calling all aspiring professionals! ✨ BSNL is on the lookout for talented Senior Executive Trainees (SET) to join their team in 2026! 💼 Imagine building a career with a leading telecommunications giant. 📡

➡️ **Who can apply?** BE/BTech graduates (Telecom) & CA/CMA professionals (Finance).
➡️ **Vacancies:** 120 (95 Telecom, 25 Finance)
➡️ **Application Deadline:** March 7, 2026

Don't wait – seize this incredible opportunity! 🚀

🔗 Apply now: bsnl.co.in

#BSNL #Recruitment #SET2026 #JobOpportunity #CareerGoals #Telecom #Finance #Engineering #CA #CMA #GovernmentJobs #India #Hiring #DreamJob #ApplyNow #NewBeginnings #ProfessionalDevelopment #Career","BSNL's hiring! 120 SET positions open for 2026. If you've got a BE/BTech or CA/CMA, check it out! Application deadline is March 7th. ➡️ bsnl.co.in #BSNL #Recruitment #Jobs",BSNL SET Recruitment 2026 is LIVE! Apply online now before March 7th: bsnl.co.in. BE/BTech or CA/CMA? Don't miss out!
13,https://www.freejobalert.com/articles/bank-of-baroda-bob-recruitment-2026-apply-online-for-418-manager-officer-and-other-posts-3036069,GENERATED,"🚀 Bank of Baroda is hiring IT pros! 418 vacancies for Managers, Officers & Senior Managers. Apply Jan 30 - Feb 19, 2026. 💻 bankofbaroda.bank.in #BOBITRecruitment #ITJobs #BankJobs","📢 Bank of Baroda (BOB) is seeking talented IT professionals to join its growing team! 

Here's what you need to know:

* **Vacancies:** 418 across various IT roles (Full Stack, Cloud, AI/ML, Data Engineering & more)
* **Eligibility:** BE/B.Tech/M.Tech/ME/MCA in CS/IT/Electronics
* **Application Window:** January 30, 2026 – February 19, 2026
* **Apply Here:** bankofbaroda.bank.in

Don't miss this opportunity to build a career with a leading public sector bank! #BOBITRecruitment #ITJobs #BankofBaroda #Hiring #TechJobs #CareerOpportunity","✨ Calling all IT professionals! ✨ Bank of Baroda has announced a major recruitment drive for 418 IT positions – Managers, Officers, and Senior Managers! If you're passionate about AI, Cloud, Data, Full Stack Development, or Cybersecurity, this is your chance to shine. 🌟

➡️ Apply between January 30th and February 19th, 2026.
➡️ Visit bankofbaroda.bank.in for details and to apply.

Don't let this incredible opportunity pass you by! Share this with your network! 🚀 #BOBITRecruitment #ITJobs #BankofBaroda #Career #Tech #Hiring #JobOpportunity #India","💻✨ Level up your career with Bank of Baroda! ✨💻 They're hiring 418 IT professionals for roles in Full Stack Development, Cloud Engineering, AI/ML, Data Engineering, and more! 🚀

Imagine yourself building cutting-edge solutions at one of India’s leading banks. 🏦

🗓️ Application period: January 30 - February 19, 2026
🔗 Apply now: bankofbaroda.bank.in

#BOBITRecruitment #ITJobs #BankofBaroda #TechJobs #CareerGoals #HiringNow #FullStackDeveloper #CloudEngineer #AI #MachineLearning #DataEngineering #Cybersecurity #JobAlert #India #Opportunity #DreamJob #TechCareer #BankJobs #Recruitment #ApplyNow #Career","Bank of Baroda is hiring IT pros! 418 openings. Apply by Feb 19, 2026: bankofbaroda.bank.in","BOB IT Recruitment 2026 is LIVE! 418 vacancies. Apply now: bankofbaroda.bank.in. Last date: Feb 19, 2026."
14,https://www.freejobalert.com/articles/kpcl-je-and-gm-result-2026-3037059,GENERATED,KPCL JE & GM Result 2026 is OUT! ⚡️ Download your scorecard now: kpcl.karnataka.gov.in #KPCL #JE #GM #Result #Karnataka,"📢 KPCL JE & GM Result 2026 Announced! 📢

Karnataka Power Corporation Limited has released the results for Junior Engineer (JE) and General Manager (GM) positions.

Key Details:
• Result Date: February 10, 2026
• Official Website: kpcl.karnataka.gov.in
• Selection Stages: Written Exam, Kannada Test (if applicable), Document Verification, Final Selection

Download the selection list/document verification list PDF directly from the official website. #KPCL #JEResult #GMResult #KarnatakaPower #Recruitment #JobAlert","🎉 Great news for those awaiting the KPCL JE & GM Result 2026! 🎉 The Karnataka Power Corporation Limited has officially announced the results for Junior Engineer (JE) and General Manager (GM) posts today, February 10, 2026. 

➡️ Check your selection status, cut-off marks, and next steps here: kpcl.karnataka.gov.in

Don't forget to download and save your selection list PDF for document verification! 📄

#KPCL #JEResult #GMResult #Karnataka #Recruitment #JobOpportunity #GovernmentJobs #Career","✨ The wait is over! ✨ The KPCL JE & GM Result 2026 is officially out! ⚡️ Check the official website (kpcl.karnataka.gov.in) to download your scorecard and see if you've been shortlisted for document verification. 📄 This is a huge step towards your career goals! 🚀

📸: [Image of a celebratory graphic with KPCL logo and result announcement] 

#KPCL #JEResult #GMResult #KarnatakaPowerCorporationLimited #ResultOut #JobAlert #GovernmentJob #CareerGoals #Recruitment #KarnatakaJobs #EngineeringJobs #ManagementJobs #Success #Congratulations #DocumentVerification #Scorecard #KPCLResult2026 #JobSearch #NewOpportunity",KPCL JE & GM Result 2026 is live! Check it out now: kpcl.karnataka.gov.in. Did you make the cut? 🚀,KPCL JE & GM Result 2026 is OUT! ✅ Check your result now: kpcl.karnataka.gov.in
15,https://www.freejobalert.com/articles/iocl-barauni-refinery-apprentice-recruitment-2026-apply-online-for-224-posts-3037018,GENERATED,"📢 IOCL Apprentice Recruitment 2026! 224 vacancies for Chemical, Mechanical & more. Apply online by Feb 23, 2026. Don't miss out! ➡️ www.iocl.com #IOCL #Apprentice #Recruitment #Jobs","📢 Indian Oil Corporation Limited (IOCL) Barauni Refinery is hiring Apprentices! 📢

Here's what you need to know:

* **Total Vacancies:** 224
* **Disciplines:** Chemical, Mechanical, Instrumentation, Accountant, Data Entry Operator
* **Eligibility:** B.Sc, ITI, Diploma, B.Com, Class XII
* **Age Limit:** 24 years (relaxations apply)
* **Application Deadline:** February 23, 2026

➡️ Apply online: www.iocl.com

#IOCL #Apprentice #Recruitment #JobOpportunity #IndianOil #Hiring #GovernmentJobs","🚀 Exciting Opportunity at Indian Oil Corporation Limited (IOCL)! 🚀

IOCL Barauni Refinery is looking for motivated individuals to join as Apprentices! With 224 vacancies across various disciplines like Chemical, Mechanical, and Data Entry, this is a fantastic chance to kickstart your career.

✨ **Key Details:**
✅ Eligibility: B.Sc, ITI, Diploma, B.Com, Class XII
✅ Age Limit: Up to 24 years (with relaxations)
✅ Application Deadline: February 23, 2026

Don't wait! Apply online now and take the first step towards a rewarding career with IOCL. ➡️ www.iocl.com

#IOCL #Apprentice #Recruitment #JobAlert #CareerOpportunity #IndianOil #GovernmentJob #Hiring #ApplyNow","✨ Calling all aspiring professionals! ✨ Indian Oil Corporation Limited (IOCL) Barauni Refinery has announced a recruitment drive for 224 Apprentice positions! ⚙️ This is your chance to gain valuable experience in disciplines like Chemical Engineering, Mechanical Engineering, Instrumentation, Accounting, and Data Entry. 🗓️ Don't miss the deadline – applications are open until February 23, 2026! 🔗 Apply now via www.iocl.com. 🚀 #IOCL #Apprentice #Recruitment #JobOpportunity #IndianOil #CareerGoals #EngineeringJobs #DataEntry #AccountingJobs #GovernmentJobs #Hiring #ApplyNow #DreamJob #Career #Opportunity #BarauniRefinery #India","Hey! IOCL is hiring Apprentices! 224 spots open until Feb 23, 2026. Check it out: www.iocl.com. Perfect for recent grads! 🚀","IOCL Apprentice Recruitment 2026 is LIVE! 224 vacancies. Apply online before Feb 23, 2026: www.iocl.com"
16,https://www.freejobalert.com/articles/kerala-set-hall-ticket-2026-out-check-kerala-set-hall-ticket-details-here-3036466,GENERATED,Kerala SET Hall Ticket 2026 is OUT! 📢 Download now from lbsedp.lbscentre.in/setjan26. Don't miss it! #KeralaSET #HallTicket #ExamAlert,"📢 Kerala State Eligibility Test (SET) Hall Ticket 2026 is now available for download.

Key Details:
* **Exam Name:** Kerala SET - January 2026
* **Release Date:** February 4th, 2026
* **Exam Date:** February 22nd, 2026
* **Download Link:** https://lbsedp.lbscentre.in/setjan26/

Ensure you download and verify all details on your hall ticket. #KeralaSET #HallTicket #LBSCentre #StateEligibilityTest #ExamUpdates","📢 Good news for Kerala SET aspirants! 📢 The Hall Ticket for the State Eligibility Test January 2026 is officially OUT! 🎉

Don't delay – download yours now from https://lbsedp.lbscentre.in/setjan26/ and carefully check all the details like exam date, time, venue, and reporting instructions. 📝

Wishing all candidates the very best for their preparation! 👍

#KeralaSET #HallTicket #ExamAlert #LBSCentre #StateEligibilityTest #KeralaExams #GovernmentJobs #Education","✨ Hall Ticket Alert! ✨ The Kerala SET January 2026 Hall Ticket is now available! 📝 Prepare to ace your exam with confidence. 🚀 Download yours from the link in bio: https://lbsedp.lbscentre.in/setjan26/ 💻

📸 Imagine: A focused student, hall ticket in hand, ready to conquer the Kerala SET! 📚

#KeralaSET #HallTicket #ExamTime #StudyMotivation #GovernmentJobs #KeralaExams #LBSCentre #StateEligibilityTest #Education #ExamPreparation #Success #DreamBig #Focus #DownloadNow #LinkInBio #InstaGood #StudyGram",Kerala SET Hall Ticket 2026 is LIVE! 🚀 Download now: https://lbsedp.lbscentre.in/setjan26. Good luck with your prep! 👍,Kerala SET Hall Ticket 2026 is OUT! Download now: https://lbsedp.lbscentre.in/setjan26. Check details & prepare for your exam!
17,https://www.freejobalert.com/articles/appsc-thanedar-syllabus-2026-3035589,GENERATED,"APPSC Thanedar Syllabus 2026 is OUT! 🌳 Download the PDF & start prepping! 10 vacancies, OMR-based exam. Don't miss this opportunity! ➡️ psc.ap.gov.in #APPSC #Thanedar #Syllabus #APGovtJobs","📢 APPSC Thanedar Syllabus 2026 Released! 📢

Prepare for the Andhra Pradesh Public Service Commission Thanedar Exam 2026 with the official syllabus now available.

Key Details:
* **Exam Name:** APPSC Thanedar Exam 2026
* **Vacancies:** 10
* **Exam Mode:** Offline/OMR
* **Total Marks:** 250
* **Negative Marking:** Yes (1/3 mark)
* **Website:** psc.ap.gov.in

Download the syllabus PDF here: [Link to PDF]

#APPSC #Thanedar #GovernmentJobs #AndhraPradesh #Syllabus #Recruitment","📣 Great news for aspiring forest officers! 📣 The APPSC Thanedar Syllabus 2026 is officially released! This is your chance to prepare for a rewarding career with the Andhra Pradesh Forest Subordinate Service. 🌳

The syllabus covers General Studies, Mental Ability, General Science, and Mathematics. We've got all the details you need to get started, including the exam pattern, marking scheme, and important topics. 

➡️ Download the official syllabus PDF here: [Link to PDF]

Don't wait – start your preparation today! Share this with your friends who might be interested. 👍

#APPSC #Thanedar #ForestService #AndhraPradesh #GovernmentJobs #Syllabus #ExamPreparation #CareerOpportunity","🌿 Calling all future Thanedars! 🌿 The APPSC Thanedar Syllabus 2026 is now available! 🌳 Imagine protecting our forests and serving the state of Andhra Pradesh. This is your first step! 🗺️ The syllabus includes detailed topics on General Studies, Science, Math, and current affairs. 📚 Download the PDF (link in bio!) and start your journey to success. ✨

#APPSC #Thanedar #ForestOfficer #AndhraPradesh #GovernmentJob #Syllabus #ExamPrep #StudyGram #Motivation #CareerGoals #ForestDepartment #GreenFuture #CivilServices #PSC #CompetitiveExam #StudyMotivation #Success #Preparation #GovernmentJobs #India",APPSC Thanedar Syllabus 2026 is LIVE! 🌳 Check it out & get prepping! [Link to PDF] #APPSC #Thanedar,APPSC Thanedar Syllabus 2026 is out! Download now and start preparing: [Link to PDF]
18,https://www.freejobalert.com/articles/nta-cmat-answer-key-2026-download-pdf-response-sheet-objection-link-3036226,GENERATED,📢 NTA CMAT 2026 Answer Key is OUT! 🔑 Download your response sheet & raise objections (if any) by TODAY - Feb 2nd! ➡️ cmat.nta.nic.in #CMAT2026 #NTA #MBA #PGDM,"📢 NTA CMAT 2026 Answer Key Released 📢

Candidates who appeared for the CMAT exam on January 25th, 2026 can now access the provisional answer key and response sheet.

Key Details:
* **Exam Name:** Common Management Admission Test (CMAT)
* **Participating Institutes:** 1000+
* **Objection Deadline:** February 2nd, 2026
* **Official Website:** cmat.nta.nic.in

Download your answer key and challenge discrepancies before the deadline! #CMAT2026 #NTA #MBA #PGDM #ManagementEducation #EntranceExam","📣 Attention all CMAT 2026 aspirants! 📣 The National Testing Agency (NTA) has released the answer key for the exam held on January 25th, 2026. 🎉

Now's your chance to check your responses, download your answer sheet, and raise any objections you may have. Don't miss the deadline – February 2nd, 2026! ⏳

This exam is your gateway to over 1,000 AICTE-approved MBA/PGDM programs. 🎓

➡️ Download here: cmat.nta.nic.in

#CMAT2026 #NTA #MBA #PGDM #EntranceExam #HigherEducation #Management #AnswerKey #India","✨ The wait is over! ✨ The NTA CMAT 2026 Answer Key is officially LIVE! 🔑 Check your responses, download your answer sheet, and challenge any discrepancies before February 2nd. 🗓️ This is your key 🔑 to unlocking a future in management! 💼 Over 1000 AICTE-approved institutions await! 🎓

➡️ Link in bio! 🔗

#CMAT2026 #NTA #MBA #PGDM #Management #EntranceExam #HigherEducation #FutureIsBright #StudyGram #ExamResults #AnswerKey #India #AICTE #DreamBig #Success #Motivation #CollegeLife #StudentLife #Education","CMAT 2026 answer key is here! 🎉 Quick, check your responses & raise objections if needed - deadline is TODAY, Feb 2nd! ➡️ cmat.nta.nic.in. Anyone else already calculating their potential score? 🤔 #CMAT2026 #NTA #MBA",📢 CMAT 2026 Answer Key is out! Download & check your responses at cmat.nta.nic.in. Last date for objections: Feb 2nd! ⏳
19,https://www.freejobalert.com/articles/bank-of-baroda-professionals-recruitment-2026-apply-online-for-419-posts-3036678,GENERATED,"📢 Bank of Baroda is hiring! 419 Assistant Manager, Manager & other posts. Apply online by Feb 26, 2026. Don't miss out! ➡️ bankofbaroda.in #BOBRecruitment #JobAlert #BankJobs","Bank of Baroda (BOB) is recruiting for various positions within its MSME Banking department. Here are the key details:

* **Total Vacancies:** 419 (Regular: 166, Contractual: 253)
* **Posts:** Assistant Manager, Manager, Senior Manager & AVP roles
* **Eligibility:** Graduation/MBA/PGDM/CA/CFA/CMA + relevant experience
* **Age Limit:** 22-40 years (relaxations apply)
* **Application Deadline:** February 26, 2026

Apply online: bankofbaroda.in/career #BankofBaroda #Recruitment #MSMEBanking #JobOpportunity #Hiring","🚀 Exciting career opportunity at Bank of Baroda! 🚀

BOB is looking for talented individuals to fill 419 positions – Assistant Manager, Manager, and more! If you have a Graduation/MBA/PGDM/CA/CFA/CMA degree and relevant experience, this could be your chance to join a leading bank.

🗓️ **Important Dates:**
➡️ Application Start Date: February 6, 2026
➡️ Application Last Date: February 26, 2026

🔗 Apply now: bankofbaroda.in/career

Don't wait – secure your future with Bank of Baroda! #BankofBaroda #JobOpening #Career #BankingJobs #Recruitment2026 #MSME #HiringNow","✨ Opportunity knocks! ✨ Bank of Baroda is hiring for 419 Assistant Manager, Manager & other roles in MSME Banking! 💼 Imagine building your career with a leading financial institution. 📈

📸: [Image of a professional working in a bank setting or the Bank of Baroda logo]

➡️ Eligibility: Graduation/MBA/PGDM/CA/CFA/CMA + experience
➡️ Age: 22-40 years (relaxations apply)
➡️ Last Date: Feb 26, 2026

🔗 Apply via bankofbaroda.in/career

#BankofBaroda #BOBRecruitment #MSMEBanking #JobAlert #CareerGoals #BankingCareer #Hiring #JobOpportunity #FinanceJobs #DreamJob #ApplyNow #India #GovernmentJobs #Recruitment #Career #Opportunity #Growth #FinancialInstitution #BankJobs #JobSearch","Hey! Bank of Baroda's hiring for 419 roles - Assistant Manager, Manager & others. Deadline's Feb 26, 2026. Check it out: bankofbaroda.in/career 🚀","Bank of Baroda is hiring! 419 vacancies for Assistant Manager, Manager & more. Apply by Feb 26, 2026: bankofbaroda.in/career"
20,https://www.freejobalert.com/articles/nta-jee-main-sessions-ii-exam-date-2025-3002507,GENERATED,"📢 JEE (Main) Session II Exam Dates are OUT! 🗓️ April 2-9, 2025. Check details & download your schedule at jeemain.nta.nic.in! #JEEMain #NTANews #ExamDates #Engineering","📢 Important Update: NTA has announced the exam dates for JEE (Main) Session II 2025.

Key Details:
• **Exam Dates:** April 2nd - 9th, 2025
• **Organization:** National Testing Agency
• **Official Website:** jeemain.nta.nic.in
• **Papers:** B.E./B.Tech, B.Arch, B.Planning

Access the full schedule and download instructions on the official website. Prepare well! #JEEMain #NTANews #EngineeringExams #ExamUpdates #HigherEducation","📣 Attention all JEE (Main) aspirants! 📣 The National Testing Agency (NTA) has officially released the exam dates for Session II, 2025! 🗓️

🗓️ Exam Dates: April 2nd - 9th, 2025
💻 Check the detailed schedule and download instructions here: jeemain.nta.nic.in

Don't miss out! Start your preparation and share this with your friends. Let's ace the JEE Main together! 💪 #JEEMain #NTANews #ExamDates #Engineering #Preparation #StudyHard #Success","✨ Big News for Future Engineers! ✨ The NTA JEE (Main) Session II exam dates are officially here! 🗓️ Get ready to put your knowledge to the test from April 2nd - 9th, 2025. 🚀

Head over to jeemain.nta.nic.in to download the complete schedule and plan your study strategy. 📚 Let the countdown begin! ⏳

#JEEMain #NTANews #Engineering #ExamDates #Studygram #FutureEngineer #Motivation #Preparation #Goals #Success #HigherEducation #India #Students #ExamSeason #Countdown #StudyMotivation #EngineeringLife 📸[Image: A visually appealing graphic with the exam dates and NTA logo]","JEE Main Session II dates are finally here! 🎉 April 2-9, 2025. Anyone else starting to feel the exam vibes? 😅 Check out jeemain.nta.nic.in for the full schedule. #JEEMain #NTANews #ExamPrep","📢 JEE Main Session II Dates are OUT! April 2-9, 2025. Check details & download schedule: jeemain.nta.nic.in. Start preparing now!"
21,https://www.freejobalert.com/articles/emrs-teaching-and-non-teaching-posts-final-answer-key-2026-3036521,GENERATED,EMRS Teaching & Non-Teaching Answer Key 2026 is OUT! 📚 Check your results & raise objections (if any) at nests.tribal.gov.in. 7267 vacancies! #EMRS #AnswerKey #GovtJobs #NESTS,"📢 The National Education Society for Tribal Students (NESTS - EMRS) has released the Final Answer Key for Teaching and Non-Teaching Posts 2026.

Key Details:
• Total Vacancies: 7267
• Exam Dates: Dec 13th, 14th & 21st, 2025
• Release Date: Feb 4th, 2026
• Website: nests.tribal.gov.in

Download your answer key and review the objection process. #EMRS #NESTS #GovernmentJobs #Recruitment #Education","📢 Great news for candidates who appeared for the EMRS Teaching & Non-Teaching exam! The Final Answer Key 2026 is now available. 🎉

Don't miss out! Check your responses, download the answer key, and if you believe there's a discrepancy, you can raise an objection. 📝

➡️ Website: nests.tribal.gov.in
➡️ Total Vacancies: 7267

Share this with your friends who applied! 🤝 #EMRS #NESTS #TeachingJobs #NonTeachingJobs #GovernmentJobs #AnswerKey #Recruitment #India",✨ The wait is over! ✨ The EMRS Teaching & Non-Teaching Posts Answer Key 2026 is officially released! 📚 Check your performance and download the PDF from nests.tribal.gov.in. 7267 opportunities await! 🤩 Don't forget to review the objection process if needed. 🧐 #EMRS #NESTS #AnswerKey #GovernmentJobs #TeachingJobs #NonTeachingJobs #Recruitment #India #JobAlert #Career #Education #Opportunity #GovtJob #ExamResults #FinalAnswerKey 💼📊,EMRS Answer Key is out! 📚 Check your score & object if you disagree. 👉 nests.tribal.gov.in #EMRS #GovtJobs,EMRS Answer Key 2026 is LIVE! ✅ Check your results now: nests.tribal.gov.in. Don't forget to review & object if needed!
22,https://www.freejobalert.com/articles/csbc-constable-recruitment-2026-apply-online-for-83-posts-3036087,GENERATED,"🚨 CSBC Constable Recruitment 2026! 83 Vacancies. Apply online by 05/03/2026. 10+2 qualified, age 18-25. Don't miss out! ➡️ https://csbc.bihar.gov.in #CSBC #Constable #BiharJobs #GovtJobs","📢 **CSBC Constable Recruitment 2026 – 83 Vacancies** 📢

The Central Selection Board of Constables, Bihar (CSBC) is recruiting for 83 Constable (General Closed Cadre) posts.

**Key Details:**
* **Posts:** 83
* **Eligibility:** Intermediate (10+2)
* **Age Limit:** 18-25 years (relaxation applicable)
* **Salary:** ₹21,700 - ₹69,100
* **Application Deadline:** 05/03/2026

➡️ Apply online: https://csbc.bihar.gov.in

#CSBC #ConstableRecruitment #Bihar #GovernmentJobs #Recruitment #JobOpportunity","👮‍♀️ Exciting news for job seekers in Bihar! 👮‍♂️ The CSBC has announced a recruitment drive for 83 Constable posts. If you've completed your 10+2 and are between 18-25 years old, this is your chance to serve! 🤩

➡️ **Important Dates:**
* Application Start: 06/02/2026
* Application Last Date: 05/03/2026

➡️ **Salary:** ₹21,700 - ₹69,100

Don't wait, apply now! 🔗 https://csbc.bihar.gov.in

Share this with your friends and family who might be interested! 👍

#CSBC #Constable #BiharPolice #GovernmentJob #Recruitment #JobAlert #BiharJobs #ApplyNow","🚨 Calling all aspiring Constables in Bihar! 🚨 The CSBC has released a notification for 83 Constable (General Closed Cadre) posts. 👮‍♂️👮‍♀️ Imagine yourself serving your community with pride! ✨

📸 [Insert a compelling image of a Bihar Police Constable or a graphic related to the recruitment]

➡️ **Details:**
* Eligibility: 10+2 Pass
* Age: 18-25 years
* Last Date: 05/03/2026
* Salary: ₹21,700 - ₹69,100

🔗 Link in bio for application & official notification! Don't miss this opportunity! 🚀

#CSBC #ConstableRecruitment #BiharPolice #GovernmentJob #JobAlert #BiharJobs #Recruitment #Police #India #Career #Opportunity #ApplyNow #DreamJob #ServeAndProtect #Constable #Bihar #GovtJob #JobSearch #NewJob #Hiring #PoliceOfficer #IndianPolice","Hey! CSBC is hiring Constables! 83 posts, apply by March 5th, 2026. Check it out: https://csbc.bihar.gov.in",CSBC Constable Recruitment 2026 is LIVE! 83 vacancies. Apply online before 05/03/2026: https://csbc.bihar.gov.in
23,https://www.freejobalert.com/articles/nimcet-syllabus-2025-out-3005627,GENERATED,NIMCET 2025 Syllabus is OUT! 📚 Prepare strategically for MCA admissions at NITs & other top universities. Check it now: nitt.edu #NIMCET2025 #MCASyllabus #NIT #ExamAlert,"📢 The NIMCET 2025 Syllabus is now available! 📢

Key details:

*   **Exam Name:** NIMCET
*   **Category:** Syllabus
*   **Status:** Released
*   **Official Site:** nitt.edu
*   Crucial for MCA admissions to NITs, HBTU Kanpur, HCU, & Indraprastha University Delhi.

Plan your preparation effectively! 👉 [https://nitt.edu](https://nitt.edu)

#NIMCET2025 #MCASyllabus #NIT #HigherEducation #ExamPreparation","📢 Attention all MCA aspirants! 📢 The NIMCET 2025 Syllabus is officially released! 🚀 This syllabus is your roadmap to success, outlining all the subjects and topics you need to master for the exam. Qualifying NIMCET opens doors to fantastic opportunities – including admission and financial aid at prestigious NITs, as well as top institutions like HBTU Kanpur, Hyderabad Central University, and Indraprastha University Delhi. Don't leave your preparation to chance! Head over to nitt.edu to download the syllabus and start planning your strategy today! 💪

➡️ [https://nitt.edu](https://nitt.edu)

#NIMCET2025 #MCASyllabus #NIT #MCA #ExamPrep #HigherEducation #India #Students #Education","✨ Unlock your path to an MCA degree! ✨ The NIMCET 2025 Syllabus is NOW AVAILABLE at nitt.edu! 📚 This is your essential guide to conquering the exam and securing a spot at top institutions like NITs, HBTU Kanpur, HCU, and Indraprastha University Delhi. 🎯 Swipe to see a glimpse of the subjects covered – Mathematics, Analytical Ability, Computer Awareness, and General English. 💻 Don't wait, start preparing today! 🚀

➡️ Link in bio! 🔗

#NIMCET2025 #MCASyllabus #NIT #MCA #ExamPreparation #StudyGram #HigherEducation #India #Students #Education #ExamAlert #Syllabus #StudyMotivation #DreamBig #FutureIsBright #ComputerScience #Engineering #Tech","Okay, so the NIMCET 2025 syllabus is finally here! 🥳 Time to get serious about MCA prep. Anyone else already diving in? 🤓 Check it out at nitt.edu #NIMCET2025 #MCASyllabus #ExamPrep",NIMCET 2025 Syllabus is out! ➡️ Check it now at nitt.edu and start preparing for your MCA entrance exam!
24,https://www.freejobalert.com/articles/ib-security-assistant-tier-ii-admit-card-2026-3036974,GENERATED,"IB Security Assistant Tier II Admit Card is OUT! 🚨 Download now at mha.gov.in. Exam on Feb 22, 2026. Don't miss it! #IBSecurityAssistant #AdmitCard #GovtJobs","📢 IB Security Assistant Tier II Admit Card 2026 is now available!

Key Details:
• Release Date: Feb 10, 2026
• Exam Date: Feb 22, 2026
• Total Vacancies: 4987
• Download Link: mha.gov.in

Download your hall ticket today and prepare for the Tier II descriptive examination. #IBSecurityAssistant #GovernmentJobs #Recruitment #MHA #AdmitCard","📢 Big News for IB Security Assistant Aspirants! 📢

The Tier II Admit Card for the 2026 recruitment is officially OUT! If you qualified in Tier I, head over to mha.gov.in to download your hall ticket. The exam is scheduled for February 22nd, 2026. 

Don't forget to check all the details on your admit card carefully and carry the required documents on exam day. Good luck! 🍀

➡️ Download here: mha.gov.in

#IBSecurityAssistant #AdmitCard #GovernmentJobs #Recruitment #MHA #Career #Exam #TierII #HallTicket","🚨 Admit Card Alert! 🚨 The IB Security Assistant Tier II Admit Card 2026 is now LIVE! 📄✨ Get ready to ace the descriptive exam on February 22nd, 2026. 🗓️ Don't forget to download yours from mha.gov.in! 💻 Check out our stories for a step-by-step guide on how to download. ➡️ Wishing all the candidates the very best! 🍀

#IBSecurityAssistant #AdmitCard #GovernmentJob #Recruitment #MHA #ExamPrep #TierII #HallTicket #CareerGoals #StudyMotivation #GovtJobs #India #CompetitiveExam #Success #Preparation #DownloadNow #ImportantNotice #StayUpdated",🚨 Tier II Admit Card is LIVE! 🚨 Download yours now from mha.gov.in. Exam on Feb 22nd! Let's ace this! 💪 #IBSecurityAssistant #AdmitCard,"IB Security Assistant Tier II Admit Card is OUT! Download now from mha.gov.in. Exam on Feb 22, 2026. Good luck!"
25,https://www.freejobalert.com/articles/calicut-university-result-2026-out-direct-link-to-download-ug-and-pg-courses-result-3037056,GENERATED,📢 Calicut University M.A Results (2nd & 4th Sem) are OUT! 🎓 Check your results now at uoc.ac.in using your roll number. #CalicutUniversity #Results #Education #UOC,"📢 Calicut University M.A Results (2nd & 4th Semester) have been released!

Key details:
• **University:** Calicut University
• **Courses:** M.A (2nd & 4th Semester)
• **Availability:** uoc.ac.in
• **Required:** Roll Number/Registration Number

➡️ Check your results here: [Link to Result]

#CalicutUniversity #Education #Results #HigherEducation #India","🎉 Great news for Calicut University students! 🎉 The M.A results for 2nd and 4th semesters are now available on the official website, uoc.ac.in. 🎓

Don't forget to keep your roll number or registration number handy to access your results and download your mark sheet. Wishing you all the best! 🍀

➡️ Check your results here: [Link to Result]

#CalicutUniversity #M.AResults #UniversityResults #Education #HigherEducation #India #ResultsAreOut #GoodLuck","✨ Results are in! ✨ Calicut University has released the M.A results for 2nd & 4th semesters. 🎓 Head over to uoc.ac.in and use your roll number to check your score! 📝 Don't forget to download your mark sheet PDF. 📁 Wishing everyone the best! 🌟

#CalicutUniversity #UOC #M.AResults #UniversityResults #Education #HigherEducation #India #Results #StudentLife #AcademicSuccess #GoodLuck #CheckYourResults #Marksheet #Graduation #Studygram #UniversityLife 📚",Calicut University M.A results are finally here! 🎉 Did you get the marks you were hoping for? 🤔 Check them out at uoc.ac.in with your roll number. #CalicutUniversity #Results #Education,Calicut University M.A Results are OUT! Check now: [Link to Result] You'll need your roll number.
26,https://www.freejobalert.com/articles/sail-mt-technical-admit-card-2025-3036748,GENERATED,"SAIL MT (Technical) Admit Card 2025 is OUT! 🚀 Download now at sailcareers.com. CBT on Feb 23, 2026. Don't miss it! #SAILMT #AdmitCard #GovtJobs","📢 SAIL MT (Technical) Admit Card 2025 Now Available!

Steel Authority of India Limited (SAIL) has released the admit cards for the Management Trainee (Technical) recruitment.

Key Details:
* **Release Date:** February 6, 2026
* **Exam Date:** February 23, 2026
* **Vacancies:** 124
* **Website:** sailcareers.com

Download your hall ticket today! ➡️ [https://sailcareers.com](https://sailcareers.com)

#SAIL #MT #Technical #Recruitment #GovtJobs #AdmitCard #Career","📢 Big News for SAIL MT (Technical) Aspirants! 📢

The wait is over! Your Admit Card for the SAIL Management Trainee (Technical) 2025 exam is now available for download. 🤩

Don't forget to check all the details on your admit card carefully. The Computer Based Test (CBT) is scheduled for February 23, 2026. Make sure you have a printed copy with you on exam day!

➡️ Download your Admit Card here: [https://sailcareers.com](https://sailcareers.com)

Good luck with your preparations! 👍

#SAILMT #AdmitCard #GovernmentJobs #TechnicalJobs #CareerOpportunity #ExamAlert #SteelAuthorityOfIndia #Preparation #GovtJobs2026","✨ The moment you've been waiting for is here! ✨ The SAIL MT (Technical) Admit Card 2025 is officially OUT! 🚀 Head over to sailcareers.com to download your hall ticket and get ready to ace the CBT on February 23, 2026. 🗓️ Don't forget to double-check all the details on your admit card. 🔍 Wishing all the candidates the very best! 🍀 #SAILMT #AdmitCard #GovernmentJobs #TechnicalRecruitment #DreamJob #CareerGoals #ExamReady #SteelAuthorityOfIndia #JobAlert #GovtJob #PreparationMode #Success #Motivation #sailcareers #technicaljobs #india #jobopportunity #exam #cbt #hallticket 📸: (Image of a candidate happily downloading the admit card or a graphic with the SAIL logo and exam details)","SAIL MT Admit Card is LIVE! 🚀 Download yours now at sailcareers.com. CBT on Feb 23, 2026. Let's crush this exam! 💪 #SAILMT #AdmitCard","SAIL MT (Technical) Admit Card 2025 is out! Download now at sailcareers.com. Exam on Feb 23, 2026. Good luck!"
27,https://www.freejobalert.com/articles/hprca-assistant-staff-nurse-recruitment-2026-apply-online-for-390-posts-3037013,GENERATED,📢 HPRCA Recruitment 2026: 390 Assistant Staff Nurse posts! 👩‍⚕️ B.Sc Nursing/GNM + HPNRC registration needed. Apply online by 05/03/2026! ➡️ hprca.hp.gov.in #HPRCA #Recruitment #StaffNurse #HimachalPradesh,"📢 **HPRCA Recruitment 2026 - Assistant Staff Nurse** 📢

Himachal Pradesh Rajya Chayan Aayog (HPRCA) is hiring for 390 Assistant Staff Nurse positions.

**Key Details:**
* **Total Vacancies:** 390 (Female Candidates Only)
* **Eligibility:** B.Sc Nursing/GNM (50%+) + HPNRC Registration
* **Age Limit:** 21-45 years (as of 01/01/2026)
* **Salary:** ₹25,000 (Fixed Honorarium)
* **Application Deadline:** 05/03/2026
* **Apply Online:** hprca.hp.gov.in

#HPRCA #Recruitment #StaffNurse #Healthcare #HimachalPradesh #JobOpportunity","🏥 Exciting opportunity in Himachal Pradesh! 🏥 The HPRCA is recruiting 390 Assistant Staff Nurses. If you're a dedicated nursing professional with a B.Sc Nursing or GNM qualification (50%+) and registered with HPNRC, this could be your chance! ✨

➡️ **Important Dates:**
   * Application Start: 12/02/2026
   * Application End: 05/03/2026
➡️ **Salary:** ₹25,000 per month (Fixed Honorarium)
➡️ **Age Limit:** 21-45 years (as of 01/01/2026)

Don't miss out! Apply online now: hprca.hp.gov.in

#HPRCA #Recruitment #StaffNurse #HimachalPradesh #NursingJobs #HealthcareJobs #GovernmentJobs #JobAlert","🩺 Calling all aspiring nurses in Himachal Pradesh! 🩺 The HPRCA has announced a recruitment drive for 390 Assistant Staff Nurse positions. Imagine yourself contributing to the healthcare system in the beautiful hills! ⛰️

✨ **Details:** B.Sc Nursing/GNM (50%+) + HPNRC registration required. Application deadline: 05/03/2026. Salary: ₹25,000 (Fixed Honorarium).

➡️ Link in bio to apply! 🔗

#HPRCA #Recruitment #StaffNurse #HimachalPradesh #Nursing #NurseLife #Healthcare #GovernmentJob #JobOpportunity #Career #Medical #HPNRC #ApplyNow #DreamJob #India #Jobs #NursingSchool #HealthcareHeroes #Motivation #Inspiration",HPRCA recruiting 390 Assistant Staff Nurses! Apply by 05/03/2026. Check it out: hprca.hp.gov.in 🩺,"HPRCA is hiring Assistant Staff Nurses! 390 vacancies. Apply online by March 5, 2026: hprca.hp.gov.in. Don't miss out!"
28,https://www.freejobalert.com/articles/ktet-admit-card-2026-3037065,GENERATED,KTET Admit Card 2026 is OUT! 📢 Download now at ktet.kerala.gov.in. Exam on Feb 21 & 23. Don't forget your hall ticket! #KTET #KeralaTeachers #AdmitCard,"📢 KTET Admit Card 2026 Released! 📢

Kerala Pareeksha Bhavan has released the admit cards for the Kerala Teacher Eligibility Test (KTET) December 2025 session.

Key Details:
* **Release Date:** February 11, 2026
* **Exam Dates:** February 21 & 23, 2026
* **Website:** ktet.kerala.gov.in

Download your admit card today – it's mandatory for appearing in the exam! #KTET #KeralaTeachers #TeacherEligibility #GovernmentJobs #Education","📢 Good news for all KTET applicants! 📢 Your Admit Card for the Kerala Teacher Eligibility Test (KTET) December 2025 session is now available for download! 🤩

🗓️ Exam Dates: February 21st & 23rd, 2026
💻 Download Link: ktet.kerala.gov.in

Make sure to download your hall ticket, check all the details carefully, and keep it handy for the exam. Wishing all the candidates the very best! 👍

#KTET #KeralaTeachers #AdmitCard #TeacherRecruitment #Education #Kerala #GovernmentJobs","✨ KTET Admit Card Alert! ✨ Your key to the Kerala Teacher Eligibility Test (KTET) December 2025 session is here! 🔑 Download your hall ticket now from ktet.kerala.gov.in. 🗓️ Exams are scheduled for February 21st & 23rd, 2026. 📝 Don't forget to carry a valid ID and a pen! 📸 Share this with your friends preparing for the exam! 📚 #KTET #KeralaTeachers #AdmitCard #TeacherEligibilityTest #KeralaEducation #GovernmentJobs #ExamAlert #StudyGram #EducationGoals #HallTicket #Kerala #TeachersOfInstagram #ExamPreparation #Success",KTET Admit Card is LIVE! 🚀 Download yours now at ktet.kerala.gov.in. Exam dates: Feb 21 & 23. Good luck! 👍,KTET Admit Card 2026 is out! Download now: ktet.kerala.gov.in. Exam on Feb 21 & 23. Don't forget to download and print!
29,https://www.freejobalert.com/articles/ts-tet-final-answer-key-2026-3037024,GENERATED,TS TET 2026 Final Answer Key is OUT! 🔑 Download your PDF & check results now: tgtet.aptonline.in #TSTET2026 #TelanganaTET #AnswerKey #GovtJobs,"📢 The Department of School Education, Telangana (DSE Telangana) has released the final TS TET 2026 Answer Key.

Key Details:
• Exam Date: Jan 3-20, 2026
• Release Date: Feb 10, 2026
• Download Link: tgtet.aptonline.in
• No negative marking.

#TSTET2026 #Telangana #TeacherEligibilityTest #GovernmentJobs #Education","📢 Good news for TS TET 2026 candidates! The final answer key is now available for download. 📝

If you appeared for the exam between January 3rd and 20th, 2026, head over to tgtet.aptonline.in to check your results and download the answer key. Remember, objections were accepted until February 1st, and the final key reflects those resolutions. 

Don't miss out! ➡️ tgtet.aptonline.in

#TSTET2026 #TelanganaTET #AnswerKey #TeacherRecruitment #EducationJobs #GovtJobs #Telangana","✨ The wait is over! ✨ The TS TET 2026 Final Answer Key is officially released! 📚 Check your performance and download the PDF from tgtet.aptonline.in. 📝 This is a big step towards your teaching career in Telangana! 🍎 Don't forget to share this with your friends who appeared for the exam! 🚀

#TSTET2026 #TelanganaTET #AnswerKey #TeacherEligibilityTest #TelanganaEducation #Education #TeachingJobs #GovtJobs #Career #Results #ExamResults #Success #Motivation #Studygram #TeachersOfInstagram #DSE Telangana #tgtetaptonlinein",TS TET 2026 Final Answer Key is LIVE! 🎉 Did you check your results yet? 🤔 Download the PDF from tgtet.aptonline.in and see how you did! #TSTET2026 #TelanganaTET #AnswerKey,TS TET 2026 Final Answer Key is out! Download now: tgtet.aptonline.in. Check your results!
30,https://www.freejobalert.com/articles/aissee-answer-key-2026-check-direct-link-and-steps-to-download-here-3035238,GENERATED,AISSEE 2026 Answer Key expected soon! 📢 Check your responses & prepare to raise objections. Stay tuned! exams.nta.nic.in/sainik-school-society #AISSEE #AISSEE2026 #NTA #SainikSchool,"📢 Important Update: AISSEE 2026 Provisional Answer Key Release

• The National Testing Agency (NTA) will soon release the provisional answer key for the All India Sainik Schools Entrance Exam (AISSEE) 2026.
• Exam conducted: January 18, 2026
• Access the answer key, check responses, and raise objections at: exams.nta.nic.in/sainik-school-society
• Classes 6 & 9

#AISSEE #AISSEE2026 #NTA #Education #SainikSchools #EntranceExam","📢 Good news for AISSEE 2026 aspirants! The National Testing Agency (NTA) is expected to release the provisional answer key soon. This is your chance to review your answers, identify any discrepancies, and submit objections if needed. Don't miss out! ➡️ exams.nta.nic.in/sainik-school-society

Remember, the exam was held on January 18, 2026, for Class 6 & 9 admissions. Stay updated and prepare accordingly! 💪

#AISSEE #AISSEE2026 #NTA #SainikSchool #EntranceExam #AnswerKey #Education #StayTuned","✨ Exciting news for all AISSEE 2026 candidates! ✨ The NTA is gearing up to release the provisional answer key. 📝 Time to check your responses and prepare to challenge any answers you disagree with. 🧐 Don't forget to download it from exams.nta.nic.in/sainik-school-society! 💻

📸: [Image of a student studying with a determined look or an image related to Sainik School] 

#AISSEE #AISSEE2026 #NTA #SainikSchool #EntranceExam #AnswerKey #Education #StudentLife #ExamPrep #FutureLeaders #SchoolAdmission #India #StudyGram #InstaEducation #Motivation #Success",AISSEE 2026 Answer Key dropping soon! 👀 Check exams.nta.nic.in/sainik-school-society to review your answers & submit objections. #AISSEE #NTA,AISSEE 2026 Answer Key is coming soon! Download from exams.nta.nic.in/sainik-school-society and check your answers. Let us know if you have any questions!
31,https://www.freejobalert.com/articles/sebi-young-professional-recruitment-2026-apply-online-for-91-posts-3036959,GENERATED,"SEBI is hiring 91 Young Professionals! 🚀 Apply online by Feb 28, 2026. Opportunities in Finance, Law, IT & more. Don't miss out! #SEBI #YoungProfessional #JobAlert #GovernmentJobs","📢 SEBI is recruiting 91 Young Professionals across various domains. 

Key details:
* **Vacancies:** 91
* **Stipend:** INR 70,000/month
* **Eligibility:** Graduate/Postgraduate (domain specific)
* **Age Limit:** ≤ 30 years
* **Application Deadline:** February 28, 2026

Apply online through the SEBI website: [www.sebi.gov.in](https://www.sebi.gov.in) #SEBI #YoungProfessionals #Recruitment #JobOpportunity #GovernmentJobs","📢 Exciting opportunity at SEBI! 📢 They're looking for 91 motivated Young Professionals to join their team. This is a fantastic chance to kickstart your career in the financial sector! 💼

➡️ Available roles: Securities Market Operations, Law, Research, Information Technology, and Rajbasha.
➡️ Stipend: INR 70,000 per month (all inclusive).
➡️ Application Deadline: February 28, 2026

Learn more and apply here: [www.sebi.gov.in](https://www.sebi.gov.in) 

Don't wait – apply today! #SEBI #YoungProfessional #JobOpening #CareerOpportunity #FinanceJobs #GovernmentJobs #India","✨ Calling all ambitious professionals! ✨ SEBI is hiring 91 Young Professionals! Imagine building your career at India's leading securities market regulator. 📈

💼 Roles available in Securities Market Operations, Law, Research, IT & Rajbasha.
💰 Attractive stipend of INR 70,000/month.
🗓️ Application deadline: February 28, 2026.

➡️ Head to the link in bio to apply and learn more! 🔗

#SEBI #YoungProfessional #JobAlert #CareerGoals #Finance #Law #IT #GovernmentJob #India #Recruitment #Opportunity #DreamJob #FinancialMarkets #Investment #Career #Hiring #ApplyNow #JobSearch #Motivation #Success #Growth #ProfessionalDevelopment","SEBI is hiring Young Professionals! 91 openings. Apply by Feb 28, 2026: [www.sebi.gov.in](https://www.sebi.gov.in).  Interested? Check it out!","SEBI is hiring Young Professionals! 91 vacancies available. Apply online by Feb 28, 2026: [www.sebi.gov.in](https://www.sebi.gov.in). Don't miss out!"
32,https://www.freejobalert.com/articles/indian-navy-ssc-officer-recruitment-2026-apply-online-for-260-posts-3034631,GENERATED,"🇮🇳 Indian Navy is hiring 260 SSC Officers! Apply online by 24/02/2026. B.Com, B.Sc, B.Tech & more qualified. Don't miss out! ➡️ joinindiannavy.gov.in #IndianNavy #SSC #Officer #Recruitment #Jobs","📢 Indian Navy is recruiting 260 Short Service Commission (SSC) Officers! 

➡️ **Key Details:**
* **Posts:** 260
* **Salary:** ₹1,25,000
* **Qualifications:** B.Com, B.Sc, B.Tech/B.E, M.A, M.Sc, MBA/PGDM, MCA
* **Application Deadline:** February 24, 2026

➡️ **Apply Now:** joinindiannavy.gov.in

#IndianNavy #SSCOfficer #Recruitment #Career #Opportunities #DefenseJobs","🚀 Exciting Opportunity! 🚀 The Indian Navy is looking for motivated individuals to join as SSC Officers! With 260 vacancies available, this is your chance to serve the nation. 

🎓 Qualifications include B.Com, B.Sc, B.Tech, MBA, and more. 
💰 Starting salary of ₹1,25,000 + allowances.
🗓️ Last date to apply: February 24, 2026.

➡️ Learn more and apply here: joinindiannavy.gov.in

Share this with anyone looking for a challenging and rewarding career! #IndianNavy #SSCOfficer #Recruitment #JobOpportunity #DefenseCareer #India #JoinTheNavy","🌊 Calling all aspiring officers! 🌊 The Indian Navy is recruiting 260 SSC Officers! Imagine a career filled with purpose, adventure, and the pride of serving our nation. 🇮🇳

✨ **Details:**
✅ Vacancies: 260
✅ Salary: ₹1,25,000 + allowances
✅ Qualifications: B.Com, B.Sc, B.Tech/B.E, M.A, M.Sc, MBA/PGDM, MCA
✅ Application Deadline: Feb 24, 2026

➡️ Apply now via joinindiannavy.gov.in (link in bio!)

#IndianNavy #SSCOfficer #Recruitment #DefenseJobs #CareerGoals #JoinTheNavy #India #NavyLife #OfficerLife #DreamJob #Motivation #Opportunity #ServingTheNation #MilitaryLife #IndianArmedForces #ApplyNow #JobAlert #GovernmentJob #DefenseCareer","Hey! Indian Navy is hiring SSC Officers - 260 posts! Apply by Feb 24, 2026. Check it out: joinindiannavy.gov.in 🚀",🇮🇳 Indian Navy SSC Officer Recruitment 2026 is OPEN! Apply online by 24/02/2026. Check eligibility & apply now: joinindiannavy.gov.in
33,https://www.freejobalert.com/articles/psssb-accountant-and-various-posts-final-answer-key-2026-3036550,GENERATED,"PSSSB Final Answer Key 2026 OUT! 📢 Check & download for Work Mistry, Accountant & more. ➡️ sssb.punjab.gov.in #PSSSB #AnswerKey #GovtJobs #PunjabJobs","📢 PSSSB Final Answer Key 2026 Released! 📢

Candidates who appeared for the Work Mistry, Accountant, Carpenter, Coupon Clerk, Plumber & Driver posts can now download the final answer keys.

Key Details:
* **Organization:** Punjab Subordinate Service Selection Board (PSSSB)
* **Posts:** Work Mistry, Accountant, Carpenter, Coupon Clerk, Plumber, Driver
* **Vacancies:** 19
* **Release Date:** February 5, 2026
* **Website:** sssb.punjab.gov.in

🔗 Download links: [https://sssb.punjab.gov.in](https://sssb.punjab.gov.in)

#PSSSB #AnswerKey #GovernmentJobs #Recruitment #Punjab","📢 Good news for PSSSB candidates! 📢 The Final Answer Key 2026 for Work Mistry, Accountant, Carpenter, Coupon Clerk, Plumber, and Driver posts is now available! 🎉

Don't miss out – download your answer key from the official website and assess your performance. This is your chance to see how you did in the exam. Remember, these are final, so no further objections will be accepted.

➡️ Website: [https://sssb.punjab.gov.in](https://sssb.punjab.gov.in)

#PSSSB #AnswerKey #GovtJobs #PunjabJobs #Recruitment #Career #GovernmentJobs #JobAlert","✨ The wait is over! ✨ PSSSB Final Answer Key 2026 is officially released! 📄 Check your performance for Work Mistry, Accountant, Carpenter, Coupon Clerk, Plumber & Driver posts. 🔍 Head to sssb.punjab.gov.in to download your PDF. 💻 Don't forget to calculate your estimated score! 📈

#PSSSB #AnswerKey #GovtJobs #PunjabJobs #Recruitment #Career #GovernmentJobs #JobAlert #ExamResults #JobOpportunity #India #Punjab #GovernmentExam #Success #Motivation #Studygram #InstaJob #NewJob #JobSearch","PSSSB Final Answer Key 2026 is live! 🎉 Check your results for Work Mistry, Accountant & other posts. No more objections accepted, so download & see how you did! ➡️ sssb.punjab.gov.in #PSSSB #AnswerKey #GovtJobs",PSSSB Final Answer Key 2026 is OUT! Download now: [https://sssb.punjab.gov.in](https://sssb.punjab.gov.in) Check your score!
34,https://www.freejobalert.com/articles/download-bieap-intermediate-hall-ticket-2026-3035716,GENERATED,AP Inter Hall Tickets 2026 are OUT! 🎫 Download yours now from bie.ap.gov.in. Don't forget your printed copy for the exams! #APInter #HallTicket #BIEAP #ExamUpdates,"📢 Important Update: BIE AP Intermediate Hall Ticket 2026 is now available for download!

Key Details:
• Practical Exams: Released Jan 24, 2026
• Theory Exams: Released Feb 20, 2026
• Exams Dates: Feb 23 - Mar 24, 2026 (varying by year/stream)
• Download Link: bie.ap.gov.in

Ensure you carry a printed copy & valid photo ID to the exam center. #APIntermediate #BIEAP #HallTicket #Education #AndhraPradesh","📢 Attention AP Inter students! Your Hall Tickets for 2026 are officially released! 🎉 Whether you're in 1st or 2nd year, General or Vocational stream, you can now download your admit card from bie.ap.gov.in. 📝

Remember to download, print, and carry it with a valid photo ID to the exam hall. Don't miss out on important exam day instructions! ⏰

Practical exams are scheduled from Feb 1 - Feb 10, 2026, and theory exams from Feb 23 - Mar 24, 2026. Stay prepared and good luck! 👍

#APInter #BIEAP #HallTicket #IntermediateExams #AndhraPradesh #Education #ExamUpdates #Students","✨ Hall Ticket Alert! ✨ The BIE AP Intermediate Hall Ticket 2026 is officially here! 📝 Download yours from bie.ap.gov.in and make sure you have a printed copy for exam day. 🗓️ Practical exams start Feb 1st, and theory exams Feb 23rd. 📚 Wishing all students the best of luck! 🍀 #APInter #BIEAP #HallTicket #Intermediate #Exams #AndhraPradesh #Education #StudentLife #StudyGram #ExamPrep #GoodLuck #bieapgovin #admitcard #practicalexam #theoryexam #student #study",AP Inter Hall Tickets are LIVE! 🎉 Download yours from bie.ap.gov.in – don't forget that printed copy! 📝 How are you feeling about the exams? 🤔 #APInter #HallTicket #BIEAP,AP Inter Hall Tickets 2026 are now available! Download from bie.ap.gov.in. Don't forget to print it out! ➡️
35,https://www.freejobalert.com/articles/rajasthan-livestock-assistant-syllabus-2026-3035942,UNPUBLISHED,,,,,,
36,https://www.freejobalert.com/articles/jammu-university-result-2026-out-direct-link-to-download-ug-and-pg-courses-result-3037088,UNPUBLISHED,,,,,,
37,https://www.freejobalert.com/articles/brabu-result-2026-out-direct-link-to-download-ug-and-pg-courses-result-3037071,UNPUBLISHED,,,,,,
38,https://www.freejobalert.com/articles/pseb-admit-card-2026-out-check-pseb-class-12th-hall-ticket-details-here-3036516,UNPUBLISHED,,,,,,
39,https://www.freejobalert.com/articles/vidyasagar-university-result-2025-released-direct-link-to-download-3rd-and-final-semester-result-3017224,UNPUBLISHED,,,,,,
40,https://www.freejobalert.com/articles/rpsc-senior-teacher-result-2026-declared-3036900,UNPUBLISHED,,,,,,
41,https://www.freejobalert.com/articles/wbssc-group-d-syllabus-2026-3036382,UNPUBLISHED,,,,,,
42,https://www.freejobalert.com/articles/dbrau-time-table-2025-announced-for-ug-and-pg-course-3029189,UNPUBLISHED,,,,,,
43,https://www.freejobalert.com/articles/dharmaday-ayukta-result-2026-3036918,UNPUBLISHED,,,,,,
44,https://www.freejobalert.com/articles/mdsu-admit-card-2026-out-check-mdsu-annual-exam-hall-ticket-details-here-3036857,UNPUBLISHED,,,,,,
45,https://www.freejobalert.com/articles/nehu-result-2025-released-direct-link-to-download-3rd-semester-result-3017490,UNPUBLISHED,,,,,,
46,https://www.freejobalert.com/articles/emrs-hostel-warden-lab-attendant-and-other-posts-admit-card-2025-3033148,UNPUBLISHED,,,,,,
47,https://www.freejobalert.com/articles/csu-non-teaching-recruitment-2026-apply-online-for-43-posts-3036821,UNPUBLISHED,,,,,,
48,https://www.freejobalert.com/articles/clat-2026-provisional-answer-key-out-today-3032491,UNPUBLISHED,,,,,,
49,https://www.freejobalert.com/articles/bihar-cet-bed-syllabus-2025-out-3006476,UNPUBLISHED,,,,,,
50,https://www.freejobalert.com/articles/delhi-police-awo-tpo-answer-key-2026-3036647,UNPUBLISHED,,,,,,
51,https://www.freejobalert.com/articles/gtu-result-2026-out-direct-link-to-download-ug-and-pg-courses-result-3037075,UNPUBLISHED,,,,,,
52,https://www.freejobalert.com/articles/dlsa-almora-paralegal-volunteer-recruitment-2026-apply-offline-for-121-posts-3037109,UNPUBLISHED,,,,,,
53,https://www.freejobalert.com/articles/central-bank-of-india-po-result-2026-3037073,UNPUBLISHED,,,,,,
54,https://www.freejobalert.com/articles/kmf-shimul-recruitment-2025-apply-online-for-194-junior-technician-assistant-manager-and-more-posts-3030110,UNPUBLISHED,,,,,,
55,https://www.freejobalert.com/articles/pu-met-syllabus-2025-out-3006312,UNPUBLISHED,,,,,,
56,https://www.freejobalert.com/articles/gseb-hsc-practical-exam-hall-ticket-2026-check-gseb-class-12-hall-ticket-details-here-3035964,UNPUBLISHED,,,,,,
57,https://www.freejobalert.com/articles/aibe-20-final-answer-key-2025-3034349,UNPUBLISHED,,,,,,
58,https://www.freejobalert.com/articles/hvf-avnl-junior-technician-recruitment-2026-apply-offline-for-220-posts-3036663,UNPUBLISHED,,,,,,
59,https://www.freejobalert.com/articles/icmai-cma-december-result-2025-direct-link-to-download-final-result-3037025,UNPUBLISHED,,,,,,
60,https://www.freejobalert.com/articles/dsssb-account-assistant-cum-cashier-result-2026-3036964,UNPUBLISHED,,,,,,
61,https://www.freejobalert.com/articles/bsnl-senior-executive-trainee-syllabus-2026-3036367,UNPUBLISHED,,,,,,
62,https://www.freejobalert.com/articles/jpsc-civil-services-syllabus-2026-3036290,UNPUBLISHED,,,,,,
63,https://www.freejobalert.com/articles/nta-ugc-net-answer-key-2025-3034764,UNPUBLISHED,,,,,,
64,https://www.freejobalert.com/articles/wb-anm-gnm-syllabus-2025-3022417,UNPUBLISHED,,,,,,
65,https://www.freejobalert.com/articles/maharashtra-police-bharti-physical-test-hall-ticket-2026-3036742,UNPUBLISHED,,,,,,
66,https://www.freejobalert.com/articles/aiims-paramedical-syllabus-2025-3007694,UNPUBLISHED,,,,,,
67,https://www.freejobalert.com/articles/hal-recruitment-2026-apply-online-for-151-technician-fireman-and-more-posts-3037112,UNPUBLISHED,,,,,,
68,https://www.freejobalert.com/articles/psssb-excise-and-taxation-inspector-recruitment-2026-apply-online-for-197-posts-3036648,UNPUBLISHED,,,,,,
69,https://www.freejobalert.com/articles/pea-police-constable-answer-key-2026-3037012,UNPUBLISHED,,,,,,
70,https://www.freejobalert.com/articles/ppsc-cdpo-revised-answer-key-2026-3036567,UNPUBLISHED,,,,,,
71,https://www.freejobalert.com/articles/kerala-psc-women-civil-excise-officer-syllabus-2026-3035911,UNPUBLISHED,,,,,,
72,https://www.freejobalert.com/articles/nift-admit-card-2026-3036269,UNPUBLISHED,,,,,,
73,https://www.freejobalert.com/articles/yantra-india-yil-trade-apprentices-recruitment-2026-apply-online-for-3979-posts-3034882,UNPUBLISHED,,,,,,
74,https://www.freejobalert.com/articles/jpsc-ae-syllabus-2026-3035829,UNPUBLISHED,,,,,,
75,https://www.freejobalert.com/articles/ntpc-executive-trainees-recruitment-2026-apply-online-for-515-posts-3036972,UNPUBLISHED,,,,,,
76,https://www.freejobalert.com/articles/iocl-panipat-refinery-apprentice-recruitment-2026-apply-online-for-637-posts-3036774,UNPUBLISHED,,,,,,
77,https://www.freejobalert.com/articles/nabard-development-assistant-syllabus-2026-3035830,UNPUBLISHED,,,,,,
78,https://www.freejobalert.com/articles/sppu-result-out-for-winter-session-2025-direct-link-to-download-ug-and-pg-courses-result-3037067,UNPUBLISHED,,,,,,
79,https://www.freejobalert.com/articles/jntuh-result-2025-out-direct-link-to-download-2nd-semester-result-3027496,UNPUBLISHED,,,,,,
80,https://www.freejobalert.com/articles/osssc-cre-recruitment-2026-apply-online-for-forester-forest-guard-and-excise-constable-posts-3033518,UNPUBLISHED,,,,,,
81,https://www.freejobalert.com/articles/cochin-shipyard-csl-workmen-recruitment-2026-apply-online-for-260-fabrication-assistant-outfit-assistant-posts-3035427,UNPUBLISHED,,,,,,
82,https://www.freejobalert.com/articles/hpsc-hcs-recruitment-2026-apply-online-for-102-posts-3036129,UNPUBLISHED,,,,,,
83,https://www.freejobalert.com/articles/mpesb-group-2-sub-group-3-answer-key-2026-3036914,UNPUBLISHED,,,,,,
84,https://www.freejobalert.com/articles/gpsc-sti-result-2026-3036906,UNPUBLISHED,,,,,,
85,https://www.freejobalert.com/articles/rajasthan-4th-grade-omr-sheet-2026-3036603,UNPUBLISHED,,,,,,
86,https://www.freejobalert.com/articles/bank-of-baroda-office-assistant-peon-admit-card-2026-3036868,UNPUBLISHED,,,,,,
87,https://www.freejobalert.com/articles/pnb-bank-apprentices-recruitment-2026-3036642,UNPUBLISHED,,,,,,
88,https://www.freejobalert.com/articles/rssb-jamadar-grade-2-result-2026-3036884,UNPUBLISHED,,,,,,
89,https://www.freejobalert.com/articles/aai-senior-assistant-syllabus-2026-3036881,UNPUBLISHED,,,,,,
90,https://www.freejobalert.com/articles/riico-company-secretary-and-various-posts-syllabus-2026-3036324,UNPUBLISHED,,,,,,
91,https://www.freejobalert.com/articles/dhfws-paschim-bardhaman-data-entry-operator-admit-card-2026-3036941,UNPUBLISHED,,,,,,
92,https://www.freejobalert.com/articles/indian-post-office-gds-recruitment-2026-3036182,UNPUBLISHED,,,,,,
93,https://www.freejobalert.com/articles/sports-authority-of-india-performance-analyst-recruitment-2026-apply-online-for-48-posts-3036215,UNPUBLISHED,,,,,,
94,https://www.freejobalert.com/articles/ifsca-grade-a-scorecard-2026-3036911,UNPUBLISHED,,,,,,
95,https://www.freejobalert.com/articles/nift-admit-card-2026-out-check-nift-direct-link-here-to-download-hall-ticket-3036594,UNPUBLISHED,,,,,,
96,https://www.freejobalert.com/articles/hp-jbt-admit-card-2026-3036816,UNPUBLISHED,,,,,,
97,https://www.freejobalert.com/articles/central-bank-of-india-so-syllabus-2026-3035773,UNPUBLISHED,,,,,,
98,https://www.freejobalert.com/articles/ugc-net-answer-key-december-2025-3034528,UNPUBLISHED,,,,,,
99,https://www.freejobalert.com/articles/punjabi-university-date-sheet-2026-announced-for-llb-details-here-3037074,UNPUBLISHED,,,,,,
100,https://www.freejobalert.com/articles/ncl-assistant-foreman-recruitment-2026-apply-online-for-270-posts-3036904,UNPUBLISHED,,,,,,
101,https://www.freejobalert.com/articles/hssc-cet-phase-ii-group-c-recruitment-2026-notification-out-3036733,UNPUBLISHED,,,,,,
102,https://www.freejobalert.com/articles/emrs-staff-nurse-syllabus-2026-3036700,UNPUBLISHED,,,,,,
103,https://www.freejobalert.com/articles/ncert-academic-position-recruitment-2026-apply-online-for-117-posts-3036282,UNPUBLISHED,,,,,,
104,https://www.freejobalert.com/articles/osssc-ri-ari-amin-result-2026-3037035,UNPUBLISHED,,,,,,
105,https://www.freejobalert.com/articles/rajasthan-lab-assistant-syllabus-2026-3035810,UNPUBLISHED,,,,,,
106,https://www.freejobalert.com/articles/kashmir-university-result-2025-released-direct-link-to-download-1st-semester-result-3017525,UNPUBLISHED,,,,,,
107,https://www.freejobalert.com/articles/ossc-junior-engineer-and-other-post-admission-letter-2026-3036839,UNPUBLISHED,,,,,,
108,https://www.freejobalert.com/articles/narnaul-court-clerk-final-result-2026-3036960,UNPUBLISHED,,,,,,
109,https://www.freejobalert.com/articles/csir-ugc-net-answer-key-2025-released-check-csir-net-official-solution-key-3033903,UNPUBLISHED,,,,,,
110,https://www.freejobalert.com/articles/jkssb-driving-test-schedule-2026-3036767,UNPUBLISHED,,,,,,
111,https://www.freejobalert.com/articles/bihar-bseb-deled-2nd-dummy-admit-card-2026-check-bihar-bseb-deled-2nd-dummy-hall-ticket-details-here-3036496,UNPUBLISHED,,,,,,
112,https://www.freejobalert.com/articles/snap-test-2-admit-card-2025-out-3032306,UNPUBLISHED,,,,,,
113,https://www.freejobalert.com/articles/dhfws-nadia-staff-nurse-and-laboratory-technician-result-2026-3036947,UNPUBLISHED,,,,,,
114,https://www.freejobalert.com/articles/nit-jalandhar-non-teaching-posts-result-2026-3037114,UNPUBLISHED,,,,,,
115,https://www.freejobalert.com/articles/hpsc-hcs-syllabus-2026-3036239,UNPUBLISHED,,,,,,
116,https://www.freejobalert.com/articles/ssc-gd-slot-booking-2026-3036769,UNPUBLISHED,,,,,,
117,https://www.freejobalert.com/articles/csir-clri-recruitment-2026-apply-online-for-13-mts-junior-stenographer-and-more-posts-3035577,UNPUBLISHED,,,,,,
118,https://www.freejobalert.com/articles/upsssc-anm-answer-key-2026-3034818,UNPUBLISHED,,,,,,
119,https://www.freejobalert.com/articles/osssc-ri-ari-amin-final-answer-key-2026-3037008,UNPUBLISHED,,,,,,
120,https://www.freejobalert.com/articles/mp-apex-bank-recruitment-2026-apply-online-for-2076-clerk-officers-posts-3034242,UNPUBLISHED,,,,,,
121,https://www.freejobalert.com/articles/mppsc-syllabus-2026-3036843,UNPUBLISHED,,,,,,
122,https://www.freejobalert.com/articles/haryana-health-medical-officer-admit-card-2026-3037110,UNPUBLISHED,,,,,,
123,https://www.freejobalert.com/articles/cbse-group-a-b-and-c-answer-key-2026-3037118,UNPUBLISHED,,,,,,
124,https://www.freejobalert.com/articles/aiims-bsc-nursing-syllabus-2025-3007699,UNPUBLISHED,,,,,,
125,https://www.freejobalert.com/articles/mahatransco-apprentice-result-2026-3037052,UNPUBLISHED,,,,,,
126,https://www.freejobalert.com/articles/pondicherry-university-time-table-2026-announced-for-mbbs-details-here-3037064,UNPUBLISHED,,,,,,
127,https://www.freejobalert.com/articles/rrb-group-d-answer-key-2026-3036983,UNPUBLISHED,,,,,,
128,https://www.freejobalert.com/articles/west-bengal-police-si-admit-card-2026-3036834,UNPUBLISHED,,,,,,
129,https://www.freejobalert.com/articles/state-bank-of-india-sbi-cbo-recruitment-2026-apply-online-for-2273-posts-3035979,UNPUBLISHED,,,,,,
130,https://www.freejobalert.com/articles/ts-tet-result-2026-3037037,UNPUBLISHED,,,,,,
131,https://www.freejobalert.com/articles/delhi-police-constable-result-2026-3036891,UNPUBLISHED,,,,,,
132,https://www.freejobalert.com/articles/bombay-high-court-stenographer-typing-test-admit-card-2026-3036956,UNPUBLISHED,,,,,,
133,https://www.freejobalert.com/articles/nic-scientist-b-recruitment-2026-apply-online-for-243-posts-3036654,UNPUBLISHED,,,,,,
134,https://www.freejobalert.com/articles/xat-2026-provisional-answer-key-out-check-and-raise-objection-3034614,UNPUBLISHED,,,,,,
135,https://www.freejobalert.com/articles/ggsipu-date-sheet-2026-announced-for-md-and-bhms-ipuacin-details-here-3037115,UNPUBLISHED,,,,,,
136,https://www.freejobalert.com/articles/bfuhs-result-2026-out-direct-link-to-download-ug-and-pg-courses-result-3037046,UNPUBLISHED,,,,,,
137,https://www.freejobalert.com/articles/nlc-paramedical-staff-recruitment-2026-apply-online-for-21-posts-3036913,UNPUBLISHED,,,,,,
138,https://www.freejobalert.com/articles/iocl-mathura-refinery-apprentice-recruitment-2026-apply-online-for-108-posts-3036799,UNPUBLISHED,,,,,,
139,https://www.freejobalert.com/articles/cgpsc-sse-admit-card-2026-3037040,UNPUBLISHED,,,,,,
140,https://www.freejobalert.com/articles/delhi-university-assistant-professor-result-2026-3037076,UNPUBLISHED,,,,,,
141,https://www.freejobalert.com/articles/rrb-section-controller-admit-card-2026-3036796,UNPUBLISHED,,,,,,
142,https://www.freejobalert.com/articles/haryana-psc-pgt-recruitment-2026-apply-online-for-1672-posts-3036635,UNPUBLISHED,,,,,,
143,https://www.freejobalert.com/articles/jammu-university-result-2025-released-direct-link-to-download-1st-2nd-3rd-4th-5th-6th-7th-8th-and-9th-semester-result-3017485,UNPUBLISHED,,,,,,
144,https://www.freejobalert.com/articles/delhi-police-head-constable-answer-key-2026-3036644,UNPUBLISHED,,,,,,
145,https://www.freejobalert.com/articles/ailet-2026-provisional-answer-key-out-3032815,UNPUBLISHED,,,,,,
146,https://www.freejobalert.com/articles/tspsc-group-2-syllabus-2026-3035565,UNPUBLISHED,,,,,,
147,https://www.freejobalert.com/articles/rpsc-2nd-grade-teacher-result-2026-3037050,UNPUBLISHED,,,,,,
148,https://www.freejobalert.com/articles/cgpsc-superintendent-answer-key-2026-out-3036872,UNPUBLISHED,,,,,,
149,https://www.freejobalert.com/articles/ap-inter-1st-year-hall-ticket-2026-out-check-bieap-1st-year-hall-ticket-details-here-3036809,UNPUBLISHED,,,,,,
150,https://www.freejobalert.com/articles/ctet-syllabus-2026-3035714,UNPUBLISHED,,,,,,
151,https://www.freejobalert.com/articles/nios-class-10-business-studies-syllabus-2025-26-3023217,UNPUBLISHED,,,,,,
152,https://www.freejobalert.com/articles/hprca-tgt-medical-final-answer-key-2026-3036683,UNPUBLISHED,,,,,,
153,https://www.freejobalert.com/articles/indraprastha-university-date-sheet-2025-announced-details-here-3017235,UNPUBLISHED,,,,,,
154,https://www.freejobalert.com/articles/yogi-vemana-university-result-2025-out-download-2nd-3rd-4th-sem-result-3026458,UNPUBLISHED,,,,,,
155,https://www.freejobalert.com/articles/osssc-cre-recruitment-2026-apply-online-for-ri-ari-and-icds-supervisor-and-other-posts-3033515,UNPUBLISHED,,,,,,
156,https://www.freejobalert.com/articles/cdac-recruitment-2026-apply-online-for-805-project-engineer-project-technician-and-other-posts-3036228,UNPUBLISHED,,,,,,
157,https://www.freejobalert.com/articles/mgsu-syllabus-2025-26-3023795,UNPUBLISHED,,,,,,
158,https://www.freejobalert.com/articles/exim-bank-mt-recruitment-2026-apply-online-for-40-management-trainee-posts-3034991,UNPUBLISHED,,,,,,
159,https://www.freejobalert.com/articles/nic-scientific-technical-assistant-recruitment-2026-apply-online-for-376-posts-3036978,UNPUBLISHED,,,,,,
160,https://www.freejobalert.com/articles/ap-inter-2nd-year-hall-ticket-2026-check-bieap-hall-ticket-details-here-3036295,UNPUBLISHED,,,,,,
161,https://www.freejobalert.com/articles/delhi-high-court-assistant-editor-admit-card-2026-3037017,UNPUBLISHED,,,,,,
162,https://www.freejobalert.com/articles/kerala-university-result-2026-out-direct-link-to-download-ug-and-pg-courses-result-3037091,UNPUBLISHED,,,,,,
163,https://www.freejobalert.com/articles/sbi-clerk-mainsresult-2025-3032942,UNPUBLISHED,,,,,,
164,https://www.freejobalert.com/articles/ssb-assistant-commandant-admit-card-2026-3036924,UNPUBLISHED,,,,,,
165,https://www.freejobalert.com/articles/upsssc-health-worker-answer-key-2026-3036782,UNPUBLISHED,,,,,,
166,https://www.freejobalert.com/articles/cisce-syllabus-2025-out-3005172,UNPUBLISHED,,,,,,
167,https://www.freejobalert.com/articles/cbse-class-12th-admit-card-2026-out-direct-link-to-download-cbse-board-class-12-hall-ticket-3036395,UNPUBLISHED,,,,,,
168,https://www.freejobalert.com/articles/upsc-cse-2026-3036518,UNPUBLISHED,,,,,,
169,https://www.freejobalert.com/articles/upsc-ese-prelims-answer-key-2026-3036970,UNPUBLISHED,,,,,,
170,https://www.freejobalert.com/articles/dbrau-agra-result-2025-released-direct-link-to-download-2nd-4th-and-5th-semester-result-3017217,UNPUBLISHED,,,,,,
171,https://www.freejobalert.com/articles/jssc-anm-exam-date-2026-3037090,UNPUBLISHED,,,,,,
172,https://www.freejobalert.com/articles/opsc-aao-admit-card-2026-3037028,UNPUBLISHED,,,,,,
173,https://www.freejobalert.com/articles/rssb-agriculture-supervisor-recruitment-2026-apply-online-for-1100-posts-3034292,UNPUBLISHED,,,,,,
174,https://www.freejobalert.com/articles/cbse-class-11-chemistry-syllabus-2025-out-3005352,UNPUBLISHED,,,,,,
175,https://www.freejobalert.com/articles/central-bank-of-india-recruitment-2026-apply-online-for-350-foreign-exchange-officer-marketing-officer-posts-3035179,UNPUBLISHED,,,,,,
176,https://www.freejobalert.com/articles/nta-jee-main-session-1-answer-key-2026-download-pdf-and-response-sheet-3036231,UNPUBLISHED,,,,,,
177,https://www.freejobalert.com/articles/rrb-group-d-recruitment-2026-apply-online-for-22000-posts-3033409,UNPUBLISHED,,,,,,
178,https://www.freejobalert.com/articles/nhm-mungeli-recruitment-2026-apply-offline-for-84-mpw-attandant-and-other-posts-3036886,UNPUBLISHED,,,,,,
179,https://www.freejobalert.com/articles/gpssb-extension-officer-and-various-posts-answer-key-2026-3036624,UNPUBLISHED,,,,,,
